codigo;nombre;tiposexamen_id
908855;IDENTIFICACION DE OTRA BACTERIA (ESPECIFICA) POR PRUEBAS MOLECULARES;1
908859;IDENTIFICACION SIMULTANEA DE MULTIPLES PATOGENOS POR PRUEBAS MOLECULARES;1
908333;OLIGOSACARIDOS CUALITATIVOS;1
903418;COLIGLICINA;1
906207;Dengue ANTICUERPOS Ig G;1
902063;PROTROMBINA FRAGMENTOS 1.2;1
903107;ACIDO FORMICO EN ORINA;1
903505;LIQUIDO SINOVIAL CRISTALES;1
905725;COCAINA O METABOLITOS SEMIAUTOMATIZADO;1
906301;Adenovirus ANTIGENO;1
906777;LINFOPROLIFERACION A MITOGENO;1
906473;ENDOMISIO ANTICUERPOS Ig M SEMIAUTOMATIZADO O AUTOMATIZADO;1
906747;MONOCITOS CD45 POR INMUNOHISTOQUIMICA;1
903813;CLORO;1
908331;BETA GLUCORONIDASA ACTIVIDAD;1
901228;Legionella CULTIVO;1
903602;AMONIO;1
901234;Nocardia spp CULTIVO HONGOS;1
902211;HEMATOCRITO;1
903822;CREATINA;1
906773;EXPRESION DE HLA CLASE II EN LINFOCITOS T Y B A PARTIR DE LEUCOCITOS CD45+;1
907109;DENSIDAD URINARIA;1
908808;Herpes simplex CARGA VIRAL;1
903810;CALCIO SEMIAUTOMATIZADO;1
903006;CAROTENOS;1
902110;HEMOGLOBINA A 2;1
905418;MICONAZOL AUTOMATIZADO;1
908314;CISTINA CUANTITATIVA;1
908332;HEXOSAMINIDASA A Y B ACTIVIDAD;1
908334;ALFA GALACTOSIDASA ACTIVIDAD;1
908335;ALFA GLUCOSIDASA ACTIVIDAD;1
901227;HEMOCULTIVO CON RESINA CADA MUESTRA;1
898001;ESTUDIO DE COLORACION BASICA EN CITOLOGIA VAGINAL TUMORAL O FUNCIONAL;1
898002;ESTUDIO DE COLORACION BASICA EN CITOLOGIA DE LIQUIDO CORPORAL O SECRECION;1
898003;ESTUDIO DE COLORACION BASICA EN CITOLOGIA POR ASPIRACION DE CUALQUIER TEJIDO U ORGANO [BACAF];1
898004;ESTUDIO DE COLORACION BASICA DE ASPIRADO DE MEDULA OSEA (MIELOGRAMA);1
898005;ESTUDIO DE COLORACION HISTOQUIMICA EN CITOLOGIA VAGINAL TUMORAL O FUNCIONAL;1
901318;Sarcoptes EXAMEN DIRECTO;1
898006;ESTUDIO DE COLORACION HISTOQUIMICA EN CITOLOGIA DE LIQUIDO CORPORAL O SECRECION;1
898007;ESTUDIO DE COLORACION HISTOQUIMICA EN CITOLOGIA POR ASPIRACION DE CUALQUIER TEJIDO U ORGANO [BACAF];1
898008;ESTUDIO DE COLORACION HISTOQUIMICA DE ASPIRADO DE MEDULA OSEA (MIELOGRAMA);1
898010;ESTUDIO DE COLORACION INMUNOHISTOQUIMICA EN CITOLOGIA DE LIQUIDO CORPORAL O SECRECION;1
898011;ESTUDIO DE COLORACION INMUNOHISTOQUIMICA EN CITOLOGIA POR ASPIRACION DE CUALQUIER TEJIDO U ORGANO [BACAF];1
898012;ESTUDIO DE COLORACION INMUNOHISTOQUIMICA DE ASPIRADO DE MEDULA OSEA (MIELOGRAMA);1
898014;ESTUDIO DE COLORACION DE INMUNOFLUORESCENCIA EN CITOLOGIA DE LIQUIDO CORPORAL O SECRECION;1
898030;ESTUDIO DE BIOLOGIA MOLECULAR EN CITOLOGIA;1
898031;ESTUDIO DE CITOMETRIA DE FLUJO EN CITOLOGIA;1
898032;ESTUDIO DE MICROSCOPIA ELECTRONICA EN CITOLOGIA;1
903033;OSMOLARIDAD EN ORINA;1
898033;ESTUDIO DE RECEPTORES HORMONALES EN CITOLOGIA;1
898034;ESTUDIO DE COLORACION BASICA EN CITOLOGIA ANAL;1
898101;ESTUDIO DE COLORACION BASICA EN BIOPSIA;1
898102;ESTUDIO DE COLORACION HISTOQUIMICA EN BIOPSIA;1
898103;ESTUDIO DE COLORACION INMUNOHISTOQUIMICA EN BIOPSIA;1
898104;ESTUDIO DE COLORACION DE INMUNOFLUORESCENCIA EN BIOPSIA;1
898105;ESTUDIO DE BIOLOGIA MOLECULAR EN BIOPSIA;1
898106;ESTUDIO DE CITOMETRIA DE FLUJO EN BIOPSIA;1
898107;ESTUDIO DE MICROSCOPIA ELECTRONICA EN BIOPSIA;1
898110;ESTUDIO DE RECEPTORES HORMONALES EN BIOPSIA;1
898111;ESTUDIO DE CITOGENETICA EN BIOPSIA;1
898112;ESTUDIO DE ONCOGENES EN BIOPSIA;1
898203;ESTUDIO DE COLORACION INMUNOHISTOQUIMICA EN ESPECIMEN DE RECONOCIMIENTO;1
898204;ESTUDIO DE COLORACION INMUNOFLUORESCENCIA EN ESPECIMEN DE RECONOCIMIENTO;1
898205;ESTUDIO DE BIOLOGIA MOLECULAR EN ESPECIMEN DE RECONOCIMIENTO;1
898206;ESTUDIO DE CITOMETRIA DE FLUJO EN ESPECIMEN DE RECONOCIMIENTO;1
898207;ESTUDIO DE MICROSCOPIA ELECTRONICA EN ESPECIMEN DE RECONOCIMIENTO;1
898210;ESTUDIO DE RECEPTORES HORMONALES EN ESPECIMEN DE RECONOCIMIENTO;1
898222;ESTUDIO DE COLORACION HISTOQUIMICA EN ESPECIMEN CON MULTIPLE MUESTREO;1
898223;ESTUDIO DE COLORACION INMUNOHISTOQUIMICA EN ESPECIMEN CON MULTIPLE MUESTREO;1
898224;ESTUDIO DE COLORACION INMUNOFLUORESCENCIA EN ESPECIMEN CON MULTIPLE MUESTREO;1
898225;ESTUDIO DE BIOLOGIA MOLECULAR EN ESPECIMEN CON MULTIPLE MUESTREO;1
898226;ESTUDIO DE CITOMETRIA DE FLUJO EN ESPECIMEN CON MULTIPLE MUESTREO;1
898227;ESTUDIO DE MICROSCOPIA ELECTRONICA EN ESPECIMEN CON MULTIPLE MUESTREO;1
898230;ESTUDIO DE RECEPTORES HORMONALES EN ESPECIMEN CON MULTIPLE MUESTREO;1
898243;ESTUDIO DE COLORACION INMUNOHISTOQUIMICA EN ESPECIMEN CON RESECCION DE MARGENES;1
898244;ESTUDIO DE COLORACION INMUNOFLUORESCENCIA EN ESPECIMEN CON RESECCION DE MARGENES;1
898245;ESTUDIO DE BIOLOGIA MOLECULAR EN ESPECIMEN CON RESECCION DE MARGENES;1
898246;ESTUDIO DE CITOMETRIA DE FLUJO EN ESPECIMEN CON RESECCION DE MARGENES;1
898247;ESTUDIO DE MICROSCOPIA ELECTRONICA EN ESPECIMEN CON RESECCION DE MARGENES;1
898250;ESTUDIO DE RECEPTORES HORMONALES EN ESPECIMEN CON RESECCION DE MARGENES;1
898262;ESTUDIO DE COLORACION HISTOQUIMICA EN ESPECIMEN CON MAPEO;1
898264;ESTUDIO DE COLORACION INMUNOFLUORESCENCIA EN ESPECIMEN CON MAPEO;1
898265;ESTUDIO DE BIOLOGIA MOLECULAR EN ESPECIMEN CON MAPEO;1
898266;ESTUDIO DE CITOMETRIA DE FLUJO EN ESPECIMEN CON MAPEO;1
898267;ESTUDIO DE MICROSCOPIA ELECTRONICA EN ESPECIMEN CON MAPEO;1
898270;ESTUDIO DE RECEPTORES HORMONALES EN ESPECIMEN CON MAPEO;1
898301;AUTOPSIA [NECROPSIA] COMPLETA;1
898302;AUTOPSIA [NECROPSIA] PARCIAL (VISCEROTOMIA);1
898303;ESTUDIOS ANATOMOPATOLOGICOS POST MORTEM DE ORGANOS O TEJIDOS;1
898304;ESTUDIOS ANATOMOPATOLOGICOS POST MORTEM DE FETO Y PLACENTA;1
898801;ESTUDIO POR CONGELACION;1
898805;VERIFICACION INTEGRAL SIN PREPARACION DE MATERIAL DE RUTINA;1
898806;VERIFICACION INTEGRAL CON PREPARACION DE MATERIAL DE RUTINA;1
898810;ESTUDIO MACROSCOPICO DE MATERIAL BIOLOGICO O NO BIOLOGICO;1
901001;ANTIBIOGRAMA (DISCO);1
901002;ANTIBIOGRAMA CONCENTRACION MINIMA INHIBITORIA METODO AUTOMATIZADO;1
901003;ANTIBIOGRAMA CONCENTRACION MINIMA INHIBITORIA METODO MANUAL;1
901004;HONGOS PRUEBAS DE SENSIBILIDAD;1
901005;LEVADURAS PRUEBA DE SENSIBILIDAD POR DILUCION;1
901006;LEVADURAS PRUEBA DE SENSIBILIDAD POR E-TEST;1
901007;Mycobacterium PRUEBAS DE SENSIBILIDAD;1
901008;Neisseria gonorrhoeae PRUEBA DE SENSIBILIDAD;1
901009;DETECCION DE CARBAPENEMASAS (EDTA, TEST DE HODGE MODIFICADO, ACIDO BORONICO);1
901102;COLORACION ACIDO ALCOHOL RESISTENTE MODIFICADA Y LECTURA;1
901103;COLORACION ALBERT [LOEFFLER] Y LECTURA;1
901104;COLORACION AZUL DE METILENO Y LECTURA PARA CUALQUIER MUESTRA;1
901105;COLORACION FLUORESCENTE NARANJA DE ACRIDINA Y LECTURA;1
901106;COLORACION GIEMSA Y LECTURA;1
901108;COLORACION ROMANOWSKY Y LECTURA;1
901109;COLORACION TINTA CHINA Y LECTURA;1
901110;COLORACION TRICROMICA MODIFICADA Y LECTURA;1
901111;BACILOSCOPIA COLORACION ACIDO ALCOHOL RESISTENTE [ZIELH-NEELSEN] LECTURA SERIADA TRES MUESTRAS;1
901201;Actinomyces CULTIVO;1
901202;Bordetella pertussis CULTIVO;1
901203;Brucella CULTIVO;1
901204;Clostridium botulinum CULTIVO;1
901205;Clostridium difficile CULTIVO;1
901206;COPROCULTIVO;1
901207;Corynebacterium difteriae CULTIVO;1
901208;Cryptococcus neoformans CULTIVO;1
901210;CULTIVO ESPECIAL PARA OTROS MICROORGANISMOS EN CUALQUIER MUESTRA;1
901211;CULTIVO PARA HONGOS EN MEDULA OSEA;1
901212;CULTIVO PARA HONGOS MICOSIS PROFUNDA;1
901213;CULTIVO PARA HONGOS MICOSIS SUPERFICIAL;1
901214;CULTIVO PARA MICOBACTERIAS EN MEDULA OSEA;1
901215;CULTIVO PARA MICROORGANISMOS AEROBIOS EN MEDULA OSEA;1
901216;CULTIVO PARA MICROORGANISMOS ANAEROBIOS EN MEDULA OSEA;1
902111;HEMOGLOBINA FETAL SEMIAUTOMATIZADA;1
901218;CULTIVO PARA MICROORGANISMOS ANAEROBIOS DE CUALQUIER MUESTRA DIFERENTE A MEDULAOSEA;1
901219;CULTIVO PARA VIRUS;1
901220;Helicobacter pylori CULTIVO;1
901222;HEMOCULTIVO AEROBIO MANUAL CADA MUESTRA;1
901224;HEMOCULTIVO ANAEROBIO MANUAL CADA MUESTRA;1
901225;HEMOCULTIVO PARA HONGOS CADA MUESTRA;1
901226;HEMOCULTIVO LISIS CENTRIFUGACION;1
901229;MICOBACTERIAS NO TUBERCULOSAS CULTIVO;1
901231;Mycoplasma CULTIVO;1
901232;Neisseria gonorrhoeae CULTIVO;1
901233;Neisseria meningitidis CULTIVO;1
901235;UROCULTIVO (ANTIBIOGRAMA DE DISCO);1
901237;UROCULTIVO (ANTIBIOGRAMA CONCENTRACION MINIMA INHIBITORIA MANUAL);1
901238;Yersinia enterocolItica CULTIVO;1
901239;Trichomona CULTIVO;1
901240;IDENTIFICACION DE CULTIVO AISLADO;1
901241;Campylobacter spp CULTIVO;1
901242;Corynebacterium difteriae PRUEBA DE TOXIGENICIDAD;1
901301;BETA LACTAMASA PRUEBA DE PENICILINASA;1
901302;Demodex EXAMEN DIRECTO;1
901303;Escherichia coli ENTEROPATOGENA EN MATERIA FECAL POR SEROTIPIFICACION;1
901304;EXAMEN DIRECTO FRESCO DE CUALQUIER MUESTRA;1
901306;EXAMEN DIRECTO PARA HONGOS CON CALCOFLUOR;1
901307;HONGOS PRUEBA DE VIABILIDAD;1
901309;Leishmania ANTICUERPOS AUTOMATIZADO;1
901310;Leishmania TIPIFICACION POR SONDAS DE DNA;1
901311;Leptospira SEROTIPIFICACION;1
901312;Listeria SEROTIPIFICACION;1
901313;Mycobacterium IDENTIFICACION;1
901315;Mycobacterium leprae DETECCION DE GLICOLIPIDO FENOLICO AUTOMATIZADO;1
901317;Neisseria meningitidis SEROTIPIFICACION POR LATEX;1
901319;Shiguella SEROTIPIFICACION;1
901320;Staphylococcus aureus SEROTIPIFICACION;1
901321;Streptococcus BETA HEMOLITICO GRUPO A (PRUEBA RAPIDA O DIRECTA);1
901322;Streptococcus pneumoniae [Pneumococcus] SEROTIPIFICACION;1
901323;Mycobacterium leprae PRUEBA DE VIABILIDAD;1
901324;Filaria EXAMEN DIRECTO;1
901325;EXAMEN DIRECTO DE CUALQUIER MUESTRA;1
901326;Leishmania EXAMEN DIRECTO;1
901501;PRUEBA DE CONCENTRACION BACTERICIDA EN SUERO O LCR U OTROS;1
901502;Clostridium TOXINA;1
902001;ADHESIVIDAD PLAQUETARIA [SALZMAN];1
902062;INHIBIDOR DE FACTOR XII;1
902002;AGREGACION PLAQUETARIA CON RISTOCETINA 2 DILUCIONES [RIPA];1
902003;AGREGACION PLAQUETARIA CURVA;1
902004;ANTICOAGULANTE LUPICO;1
902005;PRUEBA CONFIRMATORIA TIEMPO VENENO DE VIBORA DE RUSSELL;1
902006;ANTITROMBINA III CONCENTRACION AUTOMATIZADA;1
902007;ANTITROMBINA III FUNCIONAL AUTOMATIZADA;1
902008;ANTITROMBINA III CONCENTRACION MANUAL;1
902009;ANTITROMBINA III FUNCIONAL MANUAL;1
902010;DILUCIONES DE TIEMPO DE PROTROMBINA (TP CRUZADO O ANTICOAGULANTE CIRCULANTE);1
903023;HIDROXIPROLINA EN ORINA;1
902011;DILUCIONES DE TIEMPO DE TROMBOPLASTINA PARCIAL (TTP CRUZADO O ANTICOAGULANTE CIRCULANTE);1
902012;FACTOR II DE LA COAGULACION CUANTIFICACION [PROTROMBINA];1
902014;FACTOR IX DE LA COAGULACION [CHRISTMAS O PTC];1
902015;FACTOR III PLAQUETARIO;1
902016;FACTOR V DE LA COAGULACION [LABIL O PROACELERINA];1
902017;FACTOR VII DE LA COAGULACION [ESTABLE O PROCONVERTINA];1
902018;FACTOR VIII DE LA COAGULACION;1
902019;FACTOR VON WILLEBRAND;1
902020;FACTOR X [STUART POWER];1
902021;FACTOR XI [PTA];1
902022;FACTOR XII [FACTOR DE HAGEMAN DE CONTACTO];1
902023;FACTOR XIII [FSF FACTOR ESTABILIZANTE DE LA FIBRINA O TIEMPO DE LISIS COAGULO];1
902025;HEPARINA NO FRACCIONADA DOSIFICACION;1
902026;HEPARINA DE BAJO PESO MOLECULAR DOSIFICACION [ANTIFACTOR Xa];1
902027;INHIBIDOR DEL ACTIVADOR DE PLASMINOGENO [PAI 1];1
902028;PLASMINA [FIBRINOLISINA];1
902029;PLASMINOGENO;1
902030;PRECALICREINA;1
902031;PRODUCTOS DE DEGRADACION DE FIBRINOGENO;1
902032;PROPERDINA FACTOR B;1
902033;PROTEINA C DE LA COAGULACION ACTIVIDAD;1
902034;PROTEINA C DE LA COAGULACION;1
902035;PROTEINA S DE LA COAGULACION ACTIVIDAD;1
902036;PROTEINA S DE LA COAGULACION ANTIGENO TOTAL;1
902037;PROTEINA S DE LA COAGULACION ANTIGENO LIBRE;1
902038;PRUEBA DE PROTAMINA;1
902039;RESISTENCIA A LA PROTEINA C ACTIVADA (ASOCIADA A FACTOR V);1
902041;RETRACCION DE COAGULO;1
902042;TIEMPO ACTIVADO DE COAGULACION;1
902043;TIEMPO DE COAGULACION;1
902044;EUGLOBULINA TIEMPO DE LISIS;1
902046;TIEMPO DE SANGRIA [IVY O DUKE];1
902047;TIEMPO DE SANGRIA ESTANDARIZADO;1
902048;TIEMPO DE TROMBINA;1
902050;HEPARINA COFACTOR II;1
902052;CRIOFIBRINOGENO;1
902053;AGREGACION PLAQUETARIA CON RISTOCETINA 3 DILUCIONES;1
902054;INHIBIDOR DE TROMBOPLASTINA TISULAR;1
902055;INHIBIDOR DE FACTOR II;1
902056;INHIBIDOR DE FACTOR IX;1
902057;INHIBIDOR DE FACTOR V;1
902058;INHIBIDOR DE FACTOR VII;1
902059;INHIBIDOR DE FACTOR VIII;1
902060;INHIBIDOR DE FACTOR X;1
902061;INHIBIDOR DE FACTOR XI;1
902101;CELULAS L.E.;1
902102;CUERPOS DE HEINZ PRUEBA DIRECTA;1
902103;CUERPOS DE HEINZ PRUEBA INDUCIDA POR FENILHIDRAZINA;1
902105;DIMERO D MANUAL;1
902106;ERITROPOYETINA;1
902107;FRAGILIDAD OSMOTICA DE ERITROCITOS;1
902108;GLUCOSA 6 FOSFATO DESHIDROGENASA CUALITATIVA;1
902109;GLUCOSA 6 FOSFATO DESHIDROGENASA CUANTITATIVA;1
902112;HEMOGLOBINA FETAL AUTOMATIZADA;1
902113;HEMOGLOBINA PLASMATICA;1
902114;HEMOGLOBINA MATERNA Y FETAL;1
902115;HEMOLISIS ACIDA [PRUEBA DE HAM];1
902116;HIERRO MEDULAR;1
902118;METAHEMOGLOBINA CUANTITATIVA;1
902119;PRUEBA DE NEUTRALIZACION PLAQUETARIA;1
902120;PLASMINOGENO ACTIVADOR TISULAR;1
902121;PRUEBA DE CICLAJE [CELULAS FALCIFORMES O DREPANOCITOS];1
902122;SULFOHEMOGLOBINA CUANTITATIVA;1
902123;VISCOCIDAD RELATIVA DEL SUERO;1
902204;ERITROSEDIMENTACION [VELOCIDAD SEDIMENTACION GLOBULAR - VSG] MANUAL;1
902205;ERITROSEDIMENTACION [VELOCIDAD SEDIMENTACION GLOBULAR - VSG] AUTOMATIZADA;1
902207;HEMOGRAMA I (HEMOGLOBINA HEMATOCRITO Y LEUCOGRAMA) MANUAL;1
902208;HEMOGRAMA II (HEMOGLOBINA HEMATOCRITO RECUENTO DE ERITROCITOS INDICES ERITROCITARIOS LEUCOGRAMA RECUENTO DE PLAQUETAS E INDICES PLAQUETARIOS) SEMIAUTOMATIZADO;1
902209;HEMOGRAMA III (HEMOGLOBINA HEMATOCRITO RECUENTO DE ERITROCITOS INDICES ERITROCITARIOS LEUCOGRAMA RECUENTO DE PLAQUETAS INDICES PLAQUETARIOS Y MORFOLOGIA ELECTRONICA) AUTOMATIZADO;1
902213;HEMOGLOBINA;1
902215;HEMOPARASITOS EXTENDIDO DE SANGRE PERIFERICA;1
902216;LEUCOGRAMA (RECUENTO TOTAL Y DIFERENCIAL);1
902217;PRUEBA DE TORNIQUETE [FRAGILIDAD CAPILAR];1
902218;RECUENTO DE EOSINOFILO EN CUALQUIER MUESTRA;1
902219;EOSINOFILOS EN MOCO NASAL;1
902220;RECUENTO DE PLAQUETAS AUTOMATIZADO;1
902221;RECUENTO DE PLAQUETAS MANUAL;1
902223;RECUENTO DE RETICULOCITOS METODO MANUAL;1
902224;RECUENTO DE RETICULOCITOS AUTOMATIZADO;1
902225;TITULO ANTI D;1
902226;PRUEBA DE SUCROSA EN ERITROCITOS [TEST DE HARTMAN];1
903001;ALFA 2 MACROGLOBULINA;1
903002;ALFA FETOPROTEINA [AFP] EN LIQUIDO AMNIOTICO;1
903003;BICARBONATO;1
903004;CALCULO BILIAR ANALISIS FISICO-QUIMICO CUANTITATIVO;1
903005;CALCULO RENAL ANALISIS FISICO-QUIMICO CUANTITATIVO;1
903007;CATECOLAMINAS FRACCIONADAS O DIFERENCIADAS (ADRENALINA [EPINEFRINA] Y NORADRENALINA [NOREPINEFRINA]) EN ORINA DE 24 H;1
903008;CATECOLAMINAS FRACCIONADAS O DIFERENCIADAS (ADRENALINA [EPINEFRINA] Y NORADRENALINA [NOREPINEFRINA]) EN PLASMA;1
903009;CATECOLAMINAS TOTALES EN ORINA DE 24 H;1
903010;CATECOLAMINAS TOTALES EN PLASMA;1
903011;DEOXIPIRIDINOLINA;1
903012;DIOXIDO DE CARBON;1
903013;ESPERMOGRAMA COMPLETO;1
903014;ESTERASA PANCREATICA ENZIMA ALFA NAFTIL-BUTIRATO;1
903015;ESTERASA PANCREATICA ENZIMA ALFA NAFTIL-CLORACETATO;1
903016;FERRITINA;1
903017;FOSFATASA ALCALINA ISOENZIMA;1
903018;FOSFATASA ALCALINA TERMOESTABLE;1
903019;FRACCION EXCRETADA DE BICARBONATO;1
903020;HAPTOGLOBINA SEMIAUTOMATIZADA;1
903021;HAPTOGLOBINA AUTOMATIZADA;1
903022;HOMOCISTEINA;1
903024;LACTOGENO PLACENTARIO;1
903025;METANEFRINAS TOTALES EN ORINA DE 24 HORAS;1
903026;MICROALBUMINURIA AUTOMATIZADA EN ORINA PARCIAL;1
903027;MICROALBUMINURIA AUTOMATIZADA EN ORINA DE 24 HORAS;1
903028;MICROALBUMINURIA SEMIAUTOMATIZADA;1
903031;MIOGLOBINA EN ORINA O EN SUERO;1
903032;N-TELEPEPTIDO;1
903034;OSMOLARIDAD EN SUERO;1
903035;OSTEOCALCINA;1
903036;OXALATOS EN ORINA O EN SANGRE;1
903037;PIRIDINOLINA EN ORINA;1
903038;PORFIRINAS CUANTITATIVAS EN ORINA 24 HORAS;1
903039;PORFIRINAS TOTALES EN SANGRE;1
903040;PORFOBILINOGENO CUALITATIVO EN ORINA PARCIAL;1
903041;PORFOBILINOGENO CUANTITATIVO EN ORINA DE 24 HORAS;1
903042;PROTEINA TRANSPORTADORA DE HORMONAS SEXUALES [PTHS];1
903043;PRUEBA DE ALIENTO [13 C UREA] PARA Helicobacter pilory;1
903044;SATURACION DE TRANSFERRINA;1
903045;TRANSFERRINA SEMIAUTOMATIZADA;1
903046;TRANSFERRINA AUTOMATIZADA;1
903047;TRIPSINA EN SUERO O EN MATERIA FECAL;1
903048;PROTEINA PLASMATICA ASOCIADA AL EMBARAZO [PAPPA-A];1
903049;PROTEINA PLASMATICA ASOCIADA AL EMBARAZO [PAPPA-A] Y BETAGONADOTROPINA CORIONICA LIBRE [BHCG LIBRE] DOBLE MARCADOR;1
903050;ALFAFETOPROTEINA [AFP] BETAGONADOTROPINA CORIONICA LIBRE [BHCG LIBRE] Y ESTRIOL TRIPLE MARCADOR;1
903051;UROPORFIRINAS CUALITATIVAS;1
903052;CITRATOS EN ORINA DE 24 HORAS;1
903053;CITRATOS EN ORINA PARCIAL;1
903054;C-TELOPEPTIDO;1
903055;ESPERMATOZOIDES PEROXIDACION LIPIDICA;1
903056;PORFIRINAS CUANTITATIVAS EN ORINA PARCIAL;1
903057;PORFIRINAS DIFERENCIADAS EN SANGRE;1
903058;METANEFRINAS EN ORINA PARCIAL;1
903059;METANEFRINAS FRACCIONADAS EN ORINA DE 24 HORAS;1
903060;ANTIOXIDANTES TOTALES;1
903061;DELTA DE PCO2 EN ORINA;1
903062;MEDICION DE GASES EN SANGRE VENOSA;1
903063;GLICOPROTEINA P;1
903064;HEMOPEXINA;1
903065;PRO PEPTIDO ATRIAL NATRIURETICO [PRO-BNP] (PEPTIDO CEREBRAL NATRIURETICO);1
903066;PEPTIDO ATRIAL NATRIURETICO [BNP] [PEPTIDO CEREBRAL NATRIURETICO];1
903067;METANEFRINAS LIBRES EN PLASMA SEMIAUTOMATIZADO O AUTOMATIZADO;1
903068;METANEFRINAS FRACCIONADAS EN PLASMA SEMIAUTOMATIZADO O AUTOMATIZADO;1
903069;NORMETANEFRINAS EN PLASMA SEMIAUTOMATIZADO O AUTOMATIZADO;1
903101;ACIDOS BILIARES TOTALES;1
903102;ACIDO CITRICO EN ORINA DE 24 HORAS;1
903103;ACIDO 5 HIDROXI INDOLACETICO EN ORINA DE 24 HORAS;1
903104;ACIDO DELTA AMINOLEVULINICO [ALA] EN ORINA DE 24 HORAS;1
903105;ACIDO FOLICO [FOLATOS] EN SUERO;1
903106;ACIDO FOLICO EN ERITROCITOS;1
903108;ACIDO HOMOGENTESICO EN ORINA;1
903109;ACIDO HOMOVALINICO EN ORINA DE 24 HORAS;1
903111;ACIDO LACTICO [L-LACTATO] AUTOMATIZADO;1
903112;ACIDO PIRUVICO [PIRUVATO];1
903113;ACIDO VANILMANDELICO [VMA] EN ORINA DE 24 HORAS;1
903114;ACIDOS BILIARES FRACCIONADOS;1
903609;ZINC EN ORINA DE 24 HORAS;1
903201;FENILALANINA POST, CURVA DE TOLERANCIA CON ESTIMULO BH-4;1
903202;FENILALANINA CUALITATIVA;1
903301;GALACTOSA;1
903302;CURVA DE LACTOSA;1
903304;DISACARIDASA (LACTOSA SUCROSA MALTOSA Y PALATINASA);1
903305;FRUCTOSA;1
903401;ADENOSIN DEAMINASA [ADA];1
903402;ALDOLASA;1
903403;ALFA 1 ANTIQUIMIOTRIPSINA SEMIAUTOMATIZADA;1
903404;ALFA 1 ANTIQUIMIOTRIPSINA AUTOMATIZADA;1
903405;ALFA 1 ANTITRIPSINA SEMIAUTOMATIZADO;1
903406;ALFA 1 ANTITRIPSINA AUTOMATIZADA;1
903407;ALFA 1 GLICOPROTEINA ACIDA U OROMUCOIDE;1
903408;ALFA 2 ANTIPLASMINA CROMOGENICA;1
903409;APOLIPOPROTEINAS A1 SEMIAUTOMATIZADA;1
903410;APOLIPOPROTEINAS B SEMIAUTOMATIZADA;1
903411;APOLIPOPROTEINAS A1 AUTOMATIZADA;1
903412;APOLIPOPROTEINAS B AUTOMATIZADA;1
903415;BETA TROMBOGLOBULINA;1
903416;CERULOPLASMINA SEMIAUTOMATIZADA;1
903417;CERULOPLASMINA AUTOMATIZADA;1
903419;COLINESTERASA EN ERITROCITOS [ACETILCOLINESTERASA];1
903420;COLINESTERASA SERICA;1
903421;COPROPORFIRINAS EN ORINA DE 24 HORAS;1
903423;D- XILOSA PRUEBA DE ABSORCION;1
903424;DESHIDROGENASA HIDROXIBUTIRICA;1
903425;FRUCTOSAMINA;1
903426;HEMOGLOBINA GLICOSILADA AUTOMATIZADA;1
903427;HEMOGLOBINA GLICOSILADA MANUAL O SEMIAUTOMATIZADA;1
903428;HEMOSIDERINA EN ORINA;1
903429;ISOCITRATO DESHIDROGENASA;1
903430;LEUCINA AMINOPEPTIDASA;1
903431;LIPOPROTEINA A;1
903432;NUCLEOTIDASA 5;1
903433;PROTOPORFIRINA ZINC ERITROCITARIA;1
903434;SEROTONINA-5 HIDROXI-TRIPTAMINA;1
903435;SEROTONINA-5 HIDROXI-TRIPTAMINA EN ORINA DE 24HORAS;1
903437;TROPONINA I CUANTITATIVA;1
903438;TROPONINA T CUALITATIVA;1
903439;TROPONINA T CUANTITATIVA;1
903501;LIQUIDO AMNIOTICO CURVA ESPECTRAL O DE LILEY;1
903502;LIQUIDO AMNIOTICO INDICE DE MADUREZ FETAL PULMONAR (LECITINA-ESFINGOMIELINA O SULFACTANTE-ALBUMINA FOSFATIDIL GLICEROL RECUENTO DE CELULAS LAMELARES O ESPECTROFOTOMETRIA 650 nm);1
903503;LIQUIDO PERICARDICO (EXAMEN FISICO Y CITOQUIMICO CON DENSIDAD Y PROTEINAS);1
903504;LIQUIDO SINOVIAL (EXAMEN FISICO Y CITOQUIMICO CON RECUENTO Y MORFOLOGIA DE ERITROCITOS Y LEUCOCITOS GLUCOSA PROTEINAS FACTOR R.A. COMPLEMENTO TEST DE MUCINA Y ANALISIS CON LUZ POLARIZADA);1
903608;ZINC;1
903506;OTROS LIQUIDOS (EXAMEN FISICO Y CITOQUIMICO CON RECUENTO Y MORFOLOGIA DE ERITROCITOS Y LEUCOCITOS GLUCOSA PROTEINAS);1
903601;ALUMINIO EN ORINA DE 24 HORAS;1
903603;CALCIO AUTOMATIZADO;1
903604;CALCIO IONICO;1
903606;ELECTROLITOS EN SUDOR [IONTOFORESIS];1
903607;IONTOFORESIS POST ESTIMULACION CON PILOCARPINA;1
903610;ALUMINIO EN ORINA PARCIAL;1
903611;ALUMINIO EN SUERO;1
903701;VITAMINA A [RETINOL];1
903702;VITAMINA B1 [TIAMINA];1
903703;VITAMINA B12 [CIANOCOBALAMINA];1
903704;VITAMINA B2 [RIBOFLAVINA];1
903705;VITAMINA B6 [PIRIDOXINA];1
903706;VITAMINA D 25 HIDROXI TOTAL [D2-D3] [CALCIFEROL];1
903707;VITAMINA D 125 DIHIDROXI [D2-D3] [CALCIFIDOL];1
903708;VITAMINA E [TOCOFEROL];1
903709;VITAMINA C [ACIDO ASCORBICO];1
903711;VITAMINA K;1
903802;ACIDO URICO EN ORINA DE 24 HORAS;1
903804;ALBUMINA EN ORINA DE 24 HORAS;1
903806;AMILASA EN ORINA DE 24 HORAS;1
903807;ASPIRADO GASTRICO (EXAMEN FISICO Y CITOQUIMICO CON RECUENTO DE POLIMORFONUCLEARES);1
903808;BALANCE NITROGENADO [INDICE CATABOLICO];1
903811;CALCIO AUTOMATIZADO EN ORINA DE 24 HORAS;1
903812;CAPACIDAD DE COMBINACION DEL HIERRO;1
903814;CLORO EN ORINA DE 24 HORAS;1
903817;COLESTEROL DE BAJA DENSIDAD [LDL] AUTOMATIZADO;1
903820;CREATIN QUINASA (FRACCION MB) AUTOMATIZADA;1
903823;CREATININA DEPURACION;1
903826;CUERPOS CETONICOS O CETONAS EN ORINA;1
903827;CUERPOS CETONICOS O CETONAS EN SANGRE;1
903829;DESHIDROGENASA LACTICA ISOENZIMAS;1
903830;FOSFATASA ACIDA;1
903831;FOSFATASA ACIDA FRACCION PROSTATICA SEMIAUTOMATIZADA;1
903832;FOSFATASA ACIDA FRACCION PROSTATICA AUTOMATIZADA;1
903834;FOSFATASA ALCALINA ESPECIFICA DE HUESO;1
903836;FOSFORO EN ORINA DE 24 HORAS;1
903837;FRACCION EXCRETADA DE SODIO;1
903838;GAMMA GLUTAMIL TRANSFERASA;1
903839;GASES ARTERIALES (EN REPOSO O EN EJERCICIO);1
903840;GLUCOSA EN ORINA;1
903844;GLUCOSA CURVA DE TOLERANCIA;1
903845;GLUCOSA TEST O’ SULLIVAN;1
903846;HIERRO TOTAL;1
903847;LIPASA;1
903848;LIQUIDO AMNIOTICO (EXAMEN FISICO Y CITOQUIMICO: CELULAS ANARANJADAS TEST DE CLEMENS Y CREATININA);1
903849;LIQUIDO ASCITICO (EXAMEN FISICO Y CITOQUIMICO);1
903850;LIQUIDO CEFALORRAQUIDEO (LCR EXAMEN FISICO Y CITOQUIMICO CON GLUCOSA PROTEINAS MORFOLOGIA DE ERITROCITOS Y DIFERENCIAL DE LEUCOCITOS);1
903851;LIQUIDO PERITONEAL (EXAMEN FISICO Y CITOQUIMICO CON DETECCION DE ERITROCITOS RECUENTO Y MORFOLOGIA DE LEUCOCITOS GLUCOSA PROTEINAS Y AMILASA);1
903852;LIQUIDO PLEURAL (EXAMEN FISICO Y CITOQUIMICO CON RECUENTO Y MORFOLOGIA DE LEUCOCITOS GLUCOSA Y DESHIDROGENASA LACTICA);1
903853;LIQUIDO SINOVIAL (EXAMEN FISICO Y CITOQUIMICO CON RECUENTO Y MORFOLOGIA DE ERITROCITOS Y LEUCOCITOS GLUCOSA PROTEINAS Y TEST DE MUCINA);1
903855;MAGNESIO EN ORINA DE 24 HORAS;1
903857;NITROGENO UREICO EN ORINA DE 24 HORAS;1
903858;OSMOLARIDAD CALCULADA;1
903859;POTASIO EN SUERO U OTROS FLUIDOS;1
903860;POTASIO EN ORINA DE 24 HORAS;1
903861;PROTEINAS DIFERENCIADAS [ALBUMINA-GLOBULINA];1
903862;PROTEINAS EN ORINA DE 24 HORAS;1
903864;SODIO EN SUERO U OTROS FLUIDOS;1
903865;SODIO EN ORINA DE 24 HORAS;1
903869;UREA EN SANGRE U OTROS FLUIDOS;1
903870;UREA EN ORINA DE 24 HORAS;1
903871;AMILASA EN ORINA PARCIAL;1
903872;SODIO EN ORINA PARCIAL;1
903873;CALCIO EN ORINA PARCIAL;1
903874;PROTEINAS TOTALES EN ORINA PARCIAL;1
903875;FOSFORO EN ORINA PARCIAL;1
903876;CREATININA EN ORINA PARCIAL;1
903877;ACIDO URICO EN ORINA PARCIAL;1
903878;POTASIO EN ORINA PARCIAL;1
903879;MAGNESIO EN ORINA PARCIAL;1
903880;CLORO EN ORINA PARCIAL;1
903881;CREATINA EN ORINA DE 24 HORAS;1
903882;PRUEBA DE RIFAMPICINA (4 MUESTRAS);1
903883;GLUCOSA SEMIAUTOMATIZADA [GLUCOMETRIA];1
903884;TEST DE O'SULLIVAN CONFIRMATORIO (CUATRO MUESTRAS);1
903885;PRUEBA DE TOLERANCIA A LA GLUCOSA POR 3 HORAS (6 MUESTRAS: 0 30 60 90 120 Y 180 MINUTOS);1
903886;PRUEBA DE TOLERANCIA A LA GLUCOSA POR 2 HORAS (3 MUESTRAS: 0 60 Y 120 MINUTOS);1
903887;PRUEBA DE TOLERANCIA A LA GLUCOSA POR 2 HORAS (4 MUESTRAS: 0 30 60 Y 120 MINUTOS);1
903888;PRUEBA DE TOLERANCIA A LA GLUCOSA POR 2 HORAS (5 MUESTRAS: 0 30 60 90 Y 120 MINUTOS);1
903889;PRUEBA DE TOLERANCIA A LA GLUCOSA POR 3 HORAS (5 MUESTRAS: 0 30 60 120 Y 180 MINUTOS);1
903890;PRUEBA DE TOLERANCIA A LA GLUCOSA POR 4 HORAS (6 MUESTRAS: 0 30 60 120 180 Y 240 MINUTOS);1
903891;PRUEBA DE TOLERANCIA A LA GLUCOSA POR 4 HORAS (7 MUESTRAS: 0 30 60 90 120 180 Y 240 MINUTOS);1
903892;PRUEBA DE TOLERANCIA A LA GLUCOSA POR 5 HORAS (7 MUESTRAS: 0 30 60 120 180 240 Y 300 MINUTOS);1
903893;PRUEBA DE TOLERANCIA A LA GLUCOSA POR 5 HORAS (8 MUESTRAS: 0 30 60 90 120 180 240 Y 300 MINUTOS);1
903894;PRUEBA DE TOLERANCIA A LA GLUCOSA POR 6 HORAS (8 MUESTRAS: 0 30 60 120 180 240 300 Y 360);1
904001;ANGIOTENSINA II;1
904002;ENZIMA CONVERTIDORA DE ANGIOTENSINA;1
904004;RENINA TOTAL;1
904005;RENINA ACTIVIDAD PLASMATICA;1
904006;LEPTINA;1
904101;SOMATOMEDINA C [FACTOR I DE CRECIMIENTO SIMILAR A LA INSULINA O IGF-1];1
904102;HORMONA ANTIDIURETICA;1
904103;HORMONA ADRENOCORTICOTROPICA;1
904104;HORMONA DE CRECIMIENTO [SOMATOTROPICA];1
904105;HORMONA FOLICULO ESTIMULANTE;1
904106;HORMONA FOLICULO ESTIMULANTE Y HORMONA LUTEINIZANTE PRE Y POST HORMONA LIBERADORA DE GONADOTROPINA CADA MUESTRA;1
904107;HORMONA LUTEINIZANTE;1
904108;PROLACTINA;1
904109;PROLACTINA (MEZCLA DE TRES MUESTRAS);1
904111;HORMONA ADRENOCORTICOTROPICA PRE Y POST CADA MUESTRA;1
904201;HORMONA DE CRECIMIENTO [SOMATOTROPICA] PRE Y POST ESTIMULACION CADA MUESTRA;1
904202;HORMONA DEL CRECIMIENTO [SOMATOTROPICA] PRE Y POST EJERCICIO CADA MUESTRA;1
904203;HORMONA FOLICULO ESTIMULANTE Y HORMONA LUTEINIZANTE PRE Y POST OTRO ESTIMULO CADA MUESTRA;1
904204;PROLACTINA PRE Y POST ESTIMULACION;1
904205;HORMONA DEL CRECIMIENTO [SOMATOTROPICA] PRE Y POST ESTIMULO CLONIDINA CADA MUESTRA;1
904206;HORMONA DEL CRECIMIENTO [SOMATOTROPICA] PRE Y POST ESTIMULO GLUCAGON CADA MUESTRA;1
904207;HORMONA DEL CRECIMIENTO [SOMATOTROPICA] PRE Y POST ESTIMULO GLUCOSA CADA MUESTRA;1
904208;HORMONA DEL CRECIMIENTO [SOMATOTROPICA] PRE Y POST ESTIMULO INSULINA CADA MUESTRA;1
904210;PROLACTINA PRE Y POST TRH CADA MUESTRA;1
904301;CORTISOL PRE Y POST ESTIMULACION 2 MUESTRAS;1
904302;CORTISOL PRE Y POSTSUPRESION CON DEXAMETASONA;1
904303;CORTISOL Y GLUCOSA PRE Y POST INSULINA HASTA 4 MUESTRAS;1
904401;ESTRADIOL PRE Y POST GONADOTROPINA CORIONICA CADA MUESTRA;1
904912;HORMONA PARATIROIDEA MOLECULA INTACTA;1
907201;ESPERMOGRAMA BASICO;1
904402;HIDROXIPROGESTERONA 17 ALFA PRE Y POST HORMONA ADRENOCORTICOTROPICA CADA MUESTRA;1
904501;ANDROSTENEDIONA;1
904503;ESTRADIOL;1
904504;ESTRIOL;1
904505;ESTRIOL LIBRE;1
904506;ESTROGENOS (ESTRADIOL 17 BETA);1
904507;ESTRONA SEMIAUTOMATIZADO O AUTOMATIZADO;1
904509;HIDROXIPROGESTERONA 17 ALFA;1
904510;PROGESTERONA;1
904511;HORMONA ANTIMULLERIANA;1
904601;TESTOSTERONA LIBRE;1
904602;TESTOSTERONA TOTAL;1
904603;TESTOSTERONA TOTAL PRE Y POST HORMONA ADRENOCORTICOTROPICA CADA MUESTRA;1
904604;ACROSINA ACTIVIDAD TOTAL (PRUEBA DE CAPACIDAD FECUNDANTE);1
904702;INSULINA PRE Y POST GLUCOSA;1
904703;INSULINA CURVA (CINCO MUESTRAS);1
904705;INSULINA LIBRE;1
904706;PEPTIDO C;1
904707;PROINSULINA;1
904708;SOMATOSTATINA;1
904709;ADIPONECTINA;1
904710;PROTEINA TRANSPORTADORA DE LA SOMATOMEDINA C;1
904711;INSULINA CURVA DE 2 HORAS (3 MUESTRAS: 0 60 Y 120 MINUTOS);1
904712;INSULINA CURVA DE 2 HORAS (4 MUESTRAS: 0 30 60 Y 120 MINUTOS);1
904713;INSULINA CURVA DE 3 HORAS (6 MUESTRAS: 0 30 60 90 120 Y 180 MINUTOS);1
904714;INSULINA CURVA DE 4 HORAS (6 MUESTRAS: 0 30 60 120 180 Y 240 MINUTOS);1
904715;INSULINA CURVA DE 4 HORAS (7 MUESTRAS: 0 30 60 90 120 180 Y 240 MINUTOS);1
904716;INSULINA CURVA DE 5 HORAS (7 MUESTRAS: 0 30 60 120 180 240 Y 300 MINUTOS);1
904717;INSULINA CURVA DE 5 HORAS (8 MUESTRAS: 0 30 60 90 120 180 240 Y 300 MINUTOS);1
904718;INSULINA CURVA DE 6 HORAS (8 MUESTRAS: 0 30 60 120 180 240 300 Y 360);1
904719;PEPTIDO C PRE Y POST GLUCAGON;1
904801;ALDOSTERONA;1
904802;ALDOSTERONA EN ORINA;1
904803;ANDROSTENEDIOL GLUCURONIDO 3 ALFA;1
904804;CETOESTEROIDES 17;1
904805;CORTISOL DIFERENTES MUESTRAS;1
904806;CORTISOL (DOS MUESTRAS AM-PM);1
904807;CORTISOL LIBRE EN ORINA DE 24 HORAS;1
904808;DEHIDROEPINANDROSTERONA;1
904809;DEHIDROEPINANDROSTERONA SULFATO [EPINANDROSTERONA - DHEA-SO4] CADA MUESTRA;1
904810;DEOXICORTISOL 11;1
904811;HIDROXICORTICOSTEROIDES 17;1
904812;CORTISOL AM;1
904813;CORTISOL PM;1
904814;HIDROXICORTICOESTEROIDES EN ORINA PARCIAL;1
904904;HORMONA ESTIMULANTE DEL TIROIDES ULTRASENSIBLE;1
904905;HORMONA ESTIMULANTE DEL TIROIDES PRE Y POST ESTIMULACION;1
904906;HORMONA ESTIMULANTE DEL TIROIDES PRE Y POST ESTIMULACION ULTRASENSIBLE;1
904907;HORMONA ESTIMULANTE DEL TIROIDES PRE Y POST HORMONA LIBERADORA DE TIROTROPINA 1 HORA TRES MUESTRAS;1
904908;HORMONA ESTIMULANTE DEL TIROIDES PRE Y POST HORMONA LIBERADORA DE TIROTROPINA 2 HORAS CUATRO MUESTRAS;1
904909;HORMONA ESTIMULANTE DEL TIROIDES PRE Y POST DOS MUESTRAS ULTRASENSIBLE;1
904910;HORMONA ESTIMULANTE DEL TIROIDES PRE Y POST HORMONA LIBERADORA DE TIROTROPINA 1 HORA TRES MUESTRAS ULTRASENSIBLE;1
904911;HORMONA PARATIROIDEA C TERMINAL;1
904913;HORMONA PARATIROIDEA MOLECULA MEDIA;1
904914;HORMONA PARATIROIDEA N TERMINAL;1
904915;HORMONA ESTIMULANTE DEL TIROIDES PRE Y POST HORMONA LIBERADORA DE TIROTROPINA 2 HORAS CUATRO MUESTRAS ULTRASENSIBLE;1
904920;TIROGLOBULINA;1
904921;TIROXINA LIBRE;1
904923;TRIYODOTIRONINA (CAPTACION);1
904926;TIROXINA NORMALIZADA;1
904927;TRIYODOTIRONINA REVERSA;1
905001;LIDOCAINA [MONOETILGLICINEXILIDIDA-MEGX] EN SUERO SEMIAUTOMATIZADO O AUTOMATIZADO;1
905002;LIDOCAINA [MONOETILGLICINEXILIDIDA-MEGX] EN ORINA SEMIAUTOMATIZADO O AUTOMATIZADO;1
905003;PROCAINAMIDA METABOLITOS N-ACETIL PROCAINAMIDA SEMIAUTOMATIZADO O AUTOMATIZADO;1
905101;CUMARINICOS;1
905102;WARFARINA CUALITATIVA SEMIAUTOMATIZADA O AUTOMATIZADA;1
905103;WARFARINA CUANTITATIVA SEMIAUTOMATIZADA O AUTOMATIZADA;1
905201;ACIDO VALPROICO AUTOMATIZADO;1
905202;ACIDO VALPROICO LIBRE AUTOMATIZADO;1
905203;BARBITURICOS CUANTITATIVO SEMIAUTOMATIZADO O AUTOMATIZADO;1
905204;BARBITURICOS SEMICUANTITATIVO MANUAL O SEMIAUTOMATIZADO;1
905205;CARBAMAZEPINA CUANTITATIVA SEMIAUTOMATIZADA;1
905206;CARBAMAZEPINA CUANTITATIVA AUTOMATIZADA;1
905208;ETOSUXIMIDA CUANTITATIVA AUTOMATIZADA;1
905209;ETOSUXIMIDA CUANTITATIVA SEMIAUTOMATIZADA;1
905210;FENITOINA LIBRE AUTOMATIZADA;1
905213;FENITOINA TOTAL AUTOMATIZADA;1
905214;FENOBARBITAL NIVELES SERICOS AUTOMATIZADO;1
905301;ANFETAMINAS Y METANFETAMINAS CUANTITATIVAS AUTOMATIZADO;1
905302;ANFETAMINAS Y METANFETAMINAS SEMICUANTITATIVA MANUAL O SEMIAUTOMATIZADO;1
905303;ANTIDEPRESIVOS TRICICLICOS CUANTITATIVO AUTOMATIZADO;1
905304;ANTIDEPRESIVOS TRICICLICOS SEMICUANTITATIVO MANUAL O SEMIAUTOMATIZADO;1
905305;BENZODIACEPINAS CUANTITATIVAS AUTOMATIZADO;1
905306;BENZODIACEPINAS SEMICUANTITATIVO MANUAL O SEMIAUTOMATIZADO;1
905307;CLORPROMAZINA;1
905308;FENCICLIDINA;1
905309;FENOTIAZINAS AUTOMATIZADO;1
905310;FENOTIAZINAS MANUAL O SEMIAUTOMATIZADO;1
905311;FLUOXETINA Y NORFLUOXETINA MANUAL O SEMIAUTOMATIZADO;1
905312;LITIO AUTOMATIZADO;1
905313;LITIO SEMIAUTOMATIZADO;1
905401;AMIKACINA AUTOMATIZADO;1
905404;GENTAMICINA AUTOMATIZADA;1
905406;KANAMICINA AUTOMATIZADO;1
905407;NETILMICINA AUTOMATIZADO;1
905409;TOBRAMICINA AUTOMATIZADO;1
905410;VANCOMICINA AUTOMATIZADO;1
905412;ANFOTERICINA B AUTOMATIZADO;1
905413;ACIDO NALIDIXICO AUTOMATIZADO;1
905414;CIPROFLOXACINA AUTOMATIZADO;1
905415;FLUCONAZOLE AUTOMATIZADO;1
905416;ITRACONAZOLE AUTOMATIZADO;1
905417;KETOCONAZOLE AUTOMATIZADO;1
905501;CICLOSERINA SEMIAUTOMATIZADO;1
908304;FOSFOFRUCTOCINASA ACTIVIDAD;1
905502;CICLOSPORINA A O METABOLITOS SEMIAUTOMATIZADO O AUTOMATIZADO;1
905503;TACROLIMUS SEMIAUTOMATIZADO O AUTOMATIZADO;1
905504;METOTREXATO SEMIAUTOMATIZADO O AUTOMATIZADO;1
905505;EVEROLIMUS SEMIAUTOMATIZADO O AUTOMATIZADO;1
905601;DIGITOXINA AUTOMATIZADO;1
905602;DIGITOXINA SEMIAUTOMATIZADO;1
905603;DIGOXINA AUTOMATIZADO;1
905604;DIGOXINA SEMIAUTOMATIZADO;1
905606;NITROPRUSIATO DE SODIO;1
905607;TEOFILINA SEMIAUTOMATIZADO;1
905608;TEOFILINA AUTOMATIZADO;1
905701;ACETAMINOFEN AUTOMATIZADO;1
906135;Aspergillus ANTICUERPOS Ig G SEMIAUTOMATIZADO O AUTOMATIZADO;1
905702;ACETAMINOFEN SEMIAUTOMATIZADO;1
905703;ALCALOIDES AUTOMATIZADO;1
905704;ALCALOIDES SEMIAUTOMATIZADO;1
905705;ALCOHOL ETILICO AUTOMATIZADO;1
906334;CAndida spp ANTIGENO;1
905706;ALCOHOL ETILICO SEMIAUTOMATIZADO;1
905707;ALCOHOL METILICO [FORMALDEHIDO] MANUAL;1
905708;ALCOHOL METILICO [FORMALDEHIDO] SEMIAUTOMATIZADO O AUTOMATIZADO;1
905709;ARSENICO SEMIAUTOMATIZADO;1
905710;ATROPINICOS AUTOMATIZADO;1
905711;ATROPINICOS SEMIAUTOMATIZADO;1
905712;BIPIRIDILO SEMIAUTOMATIZADO;1
905713;BIPIRIDILO AUTOMATIZADO;1
905714;CAFEINA AUTOMATIZADO;1
905715;CAFEINA SEMIAUTOMATIZADO;1
905716;CANNABINOIDES AUTOMATIZADO;1
905717;CANNABINOIDES MANUAL O SEMIAUTOMATIZADO;1
905718;CARBAMATOS O METABOLITOS AUTOMATIZADO;1
905719;CARBAMATOS O METABOLITOS SEMIAUTOMATIZADO;1
905720;CIANUROS SEMIAUTOMATIZADO;1
905721;CIANUROS AUTOMATIZADO;1
905722;HIDROCARBUROS AUTOMATIZADO;1
905723;HIDROCARBUROS SEMIAUTOMATIZADO;1
905724;COCAINA O METABOLITOS MANUAL;1
905726;COCAINA O METABOLITOS AUTOMATIZADO;1
905728;ESTRICNINA SEMIAUTOMATIZADO;1
905729;ESTRICNINA AUTOMATIZADO;1
905730;MERCURIO SEMIAUTOMATIZADO;1
905731;MERCURIO AUTOMATIZADO;1
905732;METACUALONA SEMIAUTOMATIZADO O AUTOMATIZADO;1
905733;METACUALONA MANUAL;1
905727;DROGAS DE ABUSO;1
905734;METADONA SEMIAUTOMATIZADO O AUTOMATIZADO;1
905735;METADONA MANUAL;1
905736;METALES PESADOS CADA UNO SEMIAUTOMATIZADO;1
906483;ACIDO GLUTAMICO DECARBOXILASA ANTICUERPO SEMIAUTOMATIZADO O AUTOMATIZADO;1
905737;MONOXIDO DE CARBONO [CARBOXIHEMOGLOBINA] SEMIAUTOMATIZADO;1
905738;MONOXIDO DE CARBONO [CARBOXIHEMOGLOBINA] AUTOMATIZADO;1
905739;OPIACEOS SEMIAUTOMATIZADO O AUTOMATIZADO;1
905740;OPIACEOS MANUAL;1
905741;ORGANOCLORADOS SEMIAUTOMATIZADO;1
905742;ORGANOFOSFORADOS SEMIAUTOMATIZADO;1
905743;ORGANOFOSFORADOS MANUAL;1
905744;PARANITROFENOL SEMIAUTOMATIZADO;1
905745;PIRETRINAS MANUAL;1
905746;PIRETRINAS SEMIAUTOMATIZADO;1
905747;PIRETROIDES SEMIAUTOMATIZADO;1
905748;PIRETROIDES MANUAL;1
905749;PRIMIDONA SEMIAUTOMATIZADO O AUTOMATIZADO;1
905750;PRIMIDONA MANUAL;1
905751;PROPOXIFENO AUTOMATIZADO;1
905752;PROPOXIFENO MANUAL O SEMIAUTOMATIZADO;1
905753;QUININA SEMIAUTOMATIZADO;1
905754;RODENTICIDAS ANTICOAGULANTES;1
905755;SALICILATOS AUTOMATIZADO;1
905756;SALICILATOS SEMIAUTOMATIZADO;1
905757;SOLVENTES O METABOLITOS SEMIAUTOMATIZADO;1
905758;SOLVENTES O METABOLITOS AUTOMATIZADO;1
905759;SUSTANCIAS ALUCINOGENAS;1
905760;TALIO SEMIAUTOMATIZADO;1
905761;FENOL SEMIAUTOMATIZADO;1
905762;ACIDO HIPURICO SEMIAUTOMATIZADO;1
905801;NIVEL DE SUSTANCIA TERAPEUTICA (ESPECIFICA);1
906001;ANTIESTREPTOLISINA AUTOMATIZADO;1
906003;Bordetella pertussi ANTICUERPOS Ig A SEMIAUTOMATIZADO O AUTOMATIZADO;1
906004;Bordetella pertussi ANTICUERPOS Ig G SEMIAUTOMATIZADO;1
906005;Bordetella pertussi ANTICUERPOS Ig G AUTOMATIZADO;1
906006;Bordetella pertussi ANTICUERPOS Ig M SEMIAUTOMATIZADO;1
906007;Bordetella pertussi ANTICUERPOS Ig M AUTOMATIZADO;1
906008;Borrelia burgdorferi ANTICUERPOS Ig G SEMIAUTOMATIZADO O AUTOMATIZADO;1
906009;Borrelia burgdorferi ANTICUERPOS Ig M SEMIAUTOMATIZADO O AUTOMATIZADO;1
906010;Brucella abortus ANTICUERPOS Ig G SEMIAUTOMATIZADA O AUTOMATIZADA;1
906011;Brucella abortus ANTICUERPOS Ig M SEMIAUTOMATIZADA O AUTOMATIZADO;1
906012;Brucella spp ANTICUERPOS SEMIAUTOMATIZADO;1
906013;Brucella spp ANTICUERPOS MANUAL;1
906014;Campylobacter jejuni ANTICUERPOS Ig G SEMIAUTOMATIZADO O AUTOMATIZADO;1
906015;Campylobacter jejuni ANTICUERPOS Ig M SEMIAUTOMATIZADO O AUTOMATIZADO;1
906016;Chlamydia pneumoniae ANTICUERPOS SEMIAUTOMATIZADO O AUTOMATIZADO;1
906017;Chlamydia psittaci ANTICUERPOS Ig M SEMIAUTOMATIZADO O AUTOMATIZADO;1
906018;Chlamydia trachomatis ANTICUERPOS Ig A SEMIAUTOMATIZADO O AUTOMATIZADO;1
906019;Chlamydia trachomatis ANTICUERPOS Ig G SEMIAUTOMATIZADO O AUTOMATIZADO;1
906020;Chlamydia trachomatis ANTICUERPOS Ig M SEMIAUTOMATIZADO O AUTOMATIZADO;1
906021;Chlamydia trachomatis ANTICUERPOS TOTALES SEMIAUTOMATIZADO O AUTOMATIZADO;1
906022;Helicobacter pylori ANTICUERPOS Ig A SEMIAUTOMATIZADO O AUTOMATIZADO;1
906023;Helicobacter pylori ANTICUERPOS Ig G SEMIAUTOMATIZADO O AUTOMATIZADO;1
906024;Helicobacter pylori ANTICUERPOS Ig M SEMIAUTOMATIZADO O AUTOMATIZADO;1
906025;Helicobacter pylori ANTICUERPOS TOTALES SEMIAUTOMATIZADO O AUTOMATIZADO;1
906026;Legionella spp ANTICUERPOS Ig G SEROTIPOS 1-14 SEMIAUTOMATIZADO O AUTOMATIZADO;1
906027;Legionella pneumoniae ANTICUERPOS SEMIAUTOMATIZADO;1
906028;Legionella pneumoniae ANTICUERPOS AUTOMATIZADO;1
906029;Leptospira ANTICUERPOS Ig G SEMIAUTOMATIZADO O AUTOMATIZADO;1
906030;Leptospira ANTICUERPOS Ig M SEMIAUTOMATIZADO O AUTOMATIZADO;1
906031;Mycobacterium leprae ANTICUERPOS Ig M SEMIAUTOMATIZADO O AUTOMATIZADO;1
906032;Mycobacterium tuberculosis ANTICUERPOS SEMIAUTOMATIZADO O AUTOMATIZADO;1
906033;Mycoplasma pneumoniae ANTICUERPOS Ig A SEMIAUTOMATIZADO O AUTOMATIZADO;1
906034;Mycoplasma pneumoniae ANTICUERPOS Ig G SEMIAUTOMATIZADO O AUTOMATIZADO;1
906035;Mycoplasma pneumoniae ANTICUERPOS TOTALES SEMIAUTOMATIZADO O AUTOMATIZADO;1
906036;Mycoplasma pneumoniae ANTICUERPOS Ig M SEMIAUTOMATIZADO O AUTOMATIZADO;1
906037;Shiguella ANTICUERPOS Ig G SEMIAUTOMATIZADO O AUTOMATIZADO;1
906038;Streptococcus B hemolItico, ANTICUERPOS DESOXIRIBONUCLEASA B;1
906039;Treponema pallidum ANTICUERPOS (PRUEBA TREPONEMICA) MANUAL O SEMIAUTOMATIZADA O AUTOMATIZADA;1
906040;Treponema pallidum ANTICUERPOS Ig G SEMIAUTOMATIZADO O AUTOMATIZADO;1
906041;Treponema pallidum ANTICUERPOS Ig M SEMIAUTOMATIZADO O AUTOMATIZADO;1
906045;Bartonella henselae ANTICUERPOS Ig G SEMIAUTOMATIZADO O AUTOMATIZADO;1
906046;Bartonella henselae ANTICUERPOS Ig M SEMIAUTOMATIZADO O AUTOMATIZADO;1
906047;Bartonella quintana ANTICUERPOS SEMIAUTOMATIZADO O AUTOMATIZADO;1
906048;Coxiella burnetii ANTICUERPOS Ig G SEMIAUTOMATIZADO O AUTOMATIZADO;1
906049;Coxiella burnetii ANTICUERPOS Ig M SEMIAUTOMATIZADO O AUTOMATIZADO;1
906050;Actynomices ANTICUERPOS;1
906102;Aspergillus ANTICUERPOS MANUAL;1
906103;Blastomyces ANTICUERPOS SEMIAUTOMATIZADO O AUTOMATIZADO;1
906104;CAndida albicans ANTICUERPOS Ig A SEMIAUTOMATIZADO O AUTOMATIZADO;1
906105;CAndida albicans ANTICUERPOS Ig G SEMIAUTOMATIZADO O AUTOMATIZADO;1
906106;CAndida albicans ANTICUERPOS Ig M SEMIAUTOMATIZADO O AUTOMATIZADO;1
906107;Cisticerco ANTICUERPOS Ig G SEMIAUTOMATIZADO O AUTOMATIZADO;1
906108;Cisticerco ANTICUERPOS Ig G CONFIRMATORIO MANUAL O SEMIAUTOMATIZADO;1
906109;Cisticerco ANTICUERPOS TOTALES;1
906110;Echinococcus ANTICUERPOS;1
906111;Coccidioides ANTICUERPOS;1
906112;Cryptococcus neoformans ANTICUERPOS MANUAL;1
906113;Entamoeba histolItica ANTICUERPOS SEMIAUTOMATIZADO O AUTOMATIZADO;1
906114;Entamoeba histolItica ANTICUERPOS MANUAL;1
906115;Giardia lamblia ANTICUERPO Ig A SEMIAUTOMATIZADO O AUTOMATIZADO;1
906116;Giardia lamblia ANTICUERPO Ig G SEMIAUTOMATIZADO O AUTOMATIZADO;1
906117;Giardia lamblia ANTICUERPO Ig M SEMIAUTOMATIZADO O AUTOMATIZADO;1
906475;GLIADINA ANTICUERPOS Ig G SEMIAUTOMATIZADO O AUTOMATIZADO;1
908305;PIRUVATOCINASA ACTIVIDAD;1
906118;Histoplasma capsulatum ANTICUERPOS SEMIAUTOMATIZADO O AUTOMATIZADO;1
906119;HONGOS ANTICUERPOS TOTALES MANUAL;1
906120;HONGOS ANTICUERPOS TOTALES SEMIAUTOMATIZADO O AUTOMATIZADO;1
906121;Leishmania ANTICUERPOS MANUAL O SEMIAUTOMATIZADO;1
906122;Plasmodium ANTICUERPOS MANUAL O SEMIAUTOMATIZADO;1
906123;Paracoccidiodes ANTICUERPOS SEMIAUTOMATIZADO O AUTOMATIZADO;1
906124;Sporotrix ANTICUERPOS SEMIAUTOMATIZADO O AUTOMATIZADO;1
906125;Toxocara canis ANTICUERPOS SEMIAUTOMATIZADO O AUTOMATIZADO;1
906126;Toxoplasma gondii ANTICUERPOS Ig A SEMIAUTOMATIZADO O AUTOMATIZADO;1
906127;Toxoplasma gondii ANTICUERPOS Ig G SEMIAUTOMATIZADO O AUTOMATIZADO;1
906128;Toxoplasma gondii ANTICUERPOS Ig G MANUAL O SEMIAUTOMATIZADO;1
906129;Toxoplasma gondii ANTICUERPOS Ig M SEMIAUTOMATIZADO O AUTOMATIZADO;1
906130;Toxoplasma gondii ANTICUERPOS Ig M MANUAL O SEMIAUTOMATIZADO;1
906132;Trypanosoma cruzi ANTICUERPOS MANUAL;1
906133;Trypanosoma cruzi ANTICUERPOS Ig M SEMIAUTOMATIZADO O AUTOMATIZADO;1
906134;TEST DE AVIDEZ ANTICUERPOS Ig G Toxoplasma SEMIAUTOMATIZADO O AUTOMATIZADO;1
906136;Aspergillus ANTICUERPOS Ig M SEMIAUTOMATIZADO O AUTOMATIZADO;1
906137;Trichenella ANTICUERPOS Ig G SEMIAUTOMATIZADO O AUTOMATIZADO;1
906138;Saccharomyces cerevisiae ANTICUERPOS Ig A SEMIAUTOMATIZADO O AUTOMATIZADO;1
906139;Saccharomyces cerevisiae ANTICUERPOS Ig G SEMIAUTOMATIZADO O AUTOMATIZADO;1
906140;Rickettsia spp ANTICUERPOS Ig G SEMIAUTOMATIZADO O AUTOMATIZADO;1
906141;Rickettsia spp ANTICUERPOS Ig M SEMIAUTOMATIZADO O AUTOMATIZADO;1
906201;Adenovirus ANTICUERPOS Ig G SEMIAUTOMATIZADO O AUTOMATIZADO;1
906202;Adenovirus ANTICUERPOS Ig G MANUAL;1
906203;Adenovirus ANTICUERPOS Ig M SEMIAUTOMATIZADO O AUTOMATIZADO;1
906204;Adenovirus ANTICUERPOS Ig M MANUAL;1
906205;Citomegalovirus ANTICUERPOS Ig G SEMIAUTOMATIZADO O AUTOMATIZADO;1
906206;Citomegalovirus ANTICUERPOS Ig M SEMIAUTOMATIZADO O AUTOMATIZADO;1
906208;Dengue ANTICUERPOS Ig M;1
906209;Dengue ANTICUERPOS TOTALES;1
906210;Enterovirus ANTICUERPOS SEMIAUTOMATIZADO O AUTOMATIZADO;1
906211;Epstein-Barr ANTICUERPOS Ig A (CAPSULA EB-VCA-A) SEMIAUTOMATIZADO O AUTOMATIZADO;1
906212;Epstein-Barr ANTICUERPOS Ig G (CAPSULA EB-VCA-G) SEMIAUTOMATIZADO O AUTOMATIZADO;1
906213;Epstein-Barr ANTICUERPOS Ig G (NUCLEARES EBNA-G) SEMIAUTOMATIZADO O AUTOMATIZADO;1
906214;Epstein-Barr ANTICUERPOS Ig G (TEMPRANOS G) SEMIAUTOMATIZADO O AUTOMATIZADO;1
906215;Epstein-Barr ANTICUERPOS Ig M (CAPSULA EB-VCA-M) SEMIAUTOMATIZADO O AUTOMATIZADO;1
906216;Epstein-Barr ANTICUERPOS Ig M (NUCLEARES EBNA-M) SEMIAUTOMATIZADO O AUTOMATIZADO;1
906217;Epstein-Barr ANTICUERPOS Ig A (TEMPRANOS A) SEMIAUTOMATIZADO O AUTOMATIZADO;1
906218;Hepatitis A ANTICUERPOS Ig M SEMIAUTOMATIZADO O AUTOMATIZADO;1
906219;Hepatitis A ANTICUERPOS TOTALES SEMIAUTOMATIZADO O AUTOMATIZADO;1
906220;Hepatitis B ANTICUERPOS CENTRAL Ig M [ANTI-CORE HBC-M] SEMIAUTOMATIZADO O AUTOMATIZADO;1
906221;Hepatitis B ANTICUERPOS CENTRAL TOTALES [ANTI-CORE HBc] SEMIAUTOMATIZADO O AUTOMATIZADO;1
906222;Hepatitis B ANTICUERPOS E [ANTI-HBe] SEMIAUTOMATIZADO O AUTOMATIZADO;1
906223;Hepatitis B ANTICUERPOS S [ANTI-HBs] SEMIAUTOMATIZADO O AUTOMATIZADO;1
906224;Hepatitis B ANTICUERPOS DNA POLIMERASA AUTOMATIZADA;1
906225;Hepatitis C ANTICUERPO SEMIAUTOMATIZADO O AUTOMATIZADO;1
906226;Hepatitis delta ANTICUERPOS SEMIAUTOMATIZADO O AUTOMATIZADO;1
906227;Hepatitis delta ANTICUERPOS Ig M SEMIAUTOMATIZADO O AUTOMATIZADO;1
906228;Herpes I ANTICUERPOS Ig G SEMIAUTOMATIZADO O AUTOMATIZADO;1
906229;Herpes I ANTICUERPOS Ig M SEMIAUTOMATIZADO O AUTOMATIZADO;1
906230;Herpes II ANTICUERPOS Ig G SEMIAUTOMATIZADO O AUTOMATIZADO;1
906231;Herpes II ANTICUERPOS Ig M SEMIAUTOMATIZADO O AUTOMATIZADO;1
906232;HTLV-I Y II ANTICUERPOS TOTALES SEMIAUTOMATIZADO O AUTOMATIZADO;1
906233;HTLV-I Y II ANTICUERPOS TOTALES CONFIRMATORIO SEMIAUTOMATIZADO O AUTOMATIZADO;1
906234;Influenza TIPO A ANTICUERPOS Ig G;1
906235;Influenza TIPO A ANTICUERPOS Ig M;1
906236;Influenza TIPO B ANTICUERPOS Ig G;1
906237;Influenza TIPO B ANTICUERPOS Ig M;1
906238;Parotiditis ANTICUERPOS Ig G SEMIAUTOMATIZADO O AUTOMATIZADO;1
906239;Poliovirus ANTICUERPOS SEMIAUTOMATIZADO O AUTOMATIZADO;1
906240;Poliovirus ANTICUERPOS SEROTIPOS 1-3 SEMIAUTOMATIZADO O AUTOMATIZADO;1
906241;Rubeola ANTICUERPOS Ig G AUTOMATIZADO;1
906242;Rubeola ANTICUERPOS Ig G SEMIAUTOMATIZADO;1
906243;Rubeola ANTICUERPOS Ig M AUTOMATIZADO;1
906244;Rubeola ANTICUERPOS Ig M SEMIAUTOMATIZADO;1
906245;SarampiOn ANTICUERPOS Ig G SEMIAUTOMATIZADO O AUTOMATIZADO;1
906246;SarampiOn ANTICUERPOS Ig M SEMIAUTOMATIZADO O AUTOMATIZADO;1
906247;Varicela zoster ANTICUERPOS Ig G SEMIAUTOMATIZADO O AUTOMATIZADO;1
906248;Varicela zoster ANTICUERPOS Ig M SEMIAUTOMATIZADO O AUTOMATIZADO;1
906250;Virus de Inmunodeficiencia Humana PRUEBA CONFIRMATORIA;1
906251;Virus de Encefalitis ANTICUERPOS SEMIAUTOMATIZADO O AUTOMATIZADO;1
906252;Virus de Fiebre Amarilla ANTICUERPOS Ig M SEMIAUTOMATIZADO O AUTOMATIZADO;1
906253;Virus Sincitial Respiratorio ANTICUERPOS Ig G;1
906254;Virus Sincitial Respiratorio ANTICUERPOS Ig M;1
906302;ANTIGENO P 24 Virus de Inmunodeficiencia Humana 1;1
906303;ANTIGENOS BACTERIANOS MANUAL O SEMIAUTOMATIZADO;1
906304;ANTIGENOS FEBRILES MANUAL O SEMIAUTOMATIZADO;1
906305;Arbovirus ANTIGENO SEMIAUTOMATIZADO O AUTOMATIZADO;1
906306;Bordetella pertussi ANTIGENO SEMIAUTOMATIZADO O AUTOMATIZADO;1
906307;Chlamydia trachomatis ANTIGENO SEMIAUTOMATIZADO O AUTOMATIZADO;1
906308;Chlamydia trachomatis ANTIGENO MANUAL;1
906310;Coxsackie A ANTIGENO POR NEUTRALIZACION SEMIAUTOMATIZADO O AUTOMATIZADO;1
906312;Coxsackie B ANTIGENO SEMIAUTOMATIZADO O AUTOMATIZADO;1
906314;Cryptococcus neoformans ANTIGENO;1
906315;Entamoeba histolItica ANTIGENO SEMIAUTOMATIZADO O AUTOMATIZADO;1
906316;Giardia lamblia MANUAL;1
906318;Hepatitis B ANTIGENO e [Ag HBe] SEMIAUTOMATIZADO O AUTOMATIZADO;1
906319;Hepatitis delta ANTIGENO [Ag HVD] SEMIAUTOMATIZADO O AUTOMATIZADO;1
906320;Herpes simplex ANTIGENO SEMIAUTOMATIZADO O AUTOMATIZADO;1
906321;Influenza ANTIGENO;1
906322;Legionella spp ANTIGENO;1
906323;Neisseria gonorrhoeae ANTIGENO;1
906324;Parainfluenza TIPO 1 3 ANTIGENO;1
906325;Pneumocystis carinii ANTIGENO MANUAL O SEMIAUTOMATIZADO O AUTOMATIZADO;1
906326;Rotavirus ANTIGENOS SEMIAUTOMATIZADO O AUTOMATIZADO;1
906327;Rotavirus ANTIGENOS MANUAL;1
906328;Salmonella spp IDENTIFICACION MANUAL;1
906329;Virus Sincitial Respiratorio ANTIGENO;1
906331;Streptococcus pneumoniae ANTIGENO;1
906332;Hepatitis B [HBsAg] ANTIGENO DE SUPERFICIE PRUEBA DE NEUTRALIZACION AUTOMATIZADA;1
906333;Aspergillus spp ANTIGENO (GALACTOMANAN) SEMIAUTOMATIZADO O AUTOMATIZADO;1
906335;Cryptosporidium spp ANTIGENO SEMIAUTOMATIZADO O AUTOMATIZADO;1
906336;Giardia lamblia ANTIGENO SEMIAUTOMATIZADO O AUTOMATIZADO;1
906337;Histoplasma capsulatum ANTIGENO SEMIAUTOMATIZADO O AUTOMATIZADO;1
906338;Plasmodium spp ANTIGENO MAUAL O SEMIAUTOMATIZADO O AUTOMATIZADO;1
906401;ACETILCOLINA RECEPTORES ANTICUERPOS BLOQUEADORES AUTOMATIZADO;1
906404;ADN CADENA SENCILLA ANTICUERPOS SEMIAUTOMATIZADO O AUTOMATIZADO;1
906405;ADRENAL AUTOANTICUERPOS SEMIAUTOMATIZADA O AUTOMATIZADA;1
906454;SSA [Ro] ANTICUERPOS SEMIAUTOMATIZADO O AUTOMATIZADO;1
906406;ANTICUERPOS NUCLEARES EXTRACTABLES TOTALES [ENA] SS-A [Ro] SS-B [La] RNP y Sm SEMIAUTOMATIZADO O AUTOMATIZADO;1
906407;CARDIOLIPINA ANTICUERPOS Ig A SEMIAUTOMATIZADO O AUTOMATIZADO;1
906408;CARDIOLIPINA ANTICUERPOS Ig G SEMIAUTOMATIZADO O AUTOMATIZADO;1
906409;CARDIOLIPINA ANTICUERPOS Ig M SEMIAUTOMATIZADO O AUTOMATIZADO;1
906410;CELULAS DE PURKINGE ANTICUERPOS SEMIAUTOMATIZADO O AUTOMATIZADO;1
906411;CELULAS PARIETALES ANTICUERPOS SEMIAUTOMATIZADO O AUTOMATIZADO;1
906412;CEMENTO INTERCELULAR ANTICUERPOS SEMIAUTOMATIZADO O AUTOMATIZADO;1
906413;CENTROMERO ANTICUERPOS SEMIAUTOMATIZADO O AUTOMATIZADO;1
906414;CITOPLASMA DE NEUTROFILOS ANTICUERPOS TOTALES [C-ANCA O P-ANCA] MANUAL O SEMIAUTOMATIZADO;1
906415;CITOPLASMA DE NEUTROFILOS ANTICUERPOS TOTALES [C ANCA O P ANCA] AUTOMATIZADO;1
906416;DEOXIRRIBONUCLEASA B AUTOANTICUERPOS [ANTI ADN B] AUTOMATIZADO;1
906417;DNA n ANTICUERPOS SEMIAUTOMATIZADO O AUTOMATIZADO;1
906418;DNA n ANTICUERPOS MANUAL;1
906419;ESPERMATOZOIDES ANTICUERPOS AUTOMATIZADO;1
906420;ESPERMATOZOIDES ANTICUERPOS MANUAL O SEMIAUTOMATIZADO;1
906421;FACTOR ANTINUCLEO ANTICUERPOS SEMIAUTOMATIZADO O AUTOMATIZADO;1
906422;FOSFOLIPIDOS ANTICUERPOS Ig G SEMIAUTOMATIZADO O AUTOMATIZADO;1
906423;FOSFOLIPIDOS ANTICUERPOS Ig M SEMIAUTOMATIZADO O AUTOMATIZADO;1
906424;HISTONA ANTICUERPOS SEMIAUTOMATIZADO O AUTOMATIZADO;1
906425;INSULINA ANTICUERPOS SEMIAUTOMATIZADO O AUTOMATIZADO;1
906426;INSULINA ANTICUERPOS ISLOTES SEMIAUTOMATIZADO O AUTOMATIZADO;1
906428;ISOLEUCOAGLUTININAS;1
906429;Jo1 ANTICUERPOS SEMIAUTOMATIZADO O AUTOMATIZADO;1
906430;SSB [La] ANTICUERPOS Ig G SEMIAUTOMATIZADO O AUTOMATIZADO;1
906484;MICROSOMALES HIGADO Y RIÑON ANTICUERPOS SEMIAUTOMATIZADO O AUTOMATIZADO;1
906431;MEMBRANA BASAL DEL GLOMERULO ANTICUERPOS Ig G SEMIAUTOMATIZADO O AUTOMATIZADO;1
906432;MITOCONDRIA ANTICUERPOS AUTOMATIZADO;1
906433;MITOCONDRIA ANTICUERPOS MANUAL;1
906434;MITOCONDRIA ANTICUERPOS SEMIAUTOMATIZADO;1
906435;MUSCULO ESTRIADO ANTICUERPOS;1
906436;MUSCULO LISO ANTICUERPOS AUTOMATIZADO;1
906437;MUSCULO LISO ANTICUERPOS MANUAL;1
906438;MUSCULO LISO ANTICUERPOS SEMIAUTOMATIZADO;1
906440;ANTICUERPOS ANTINUCLEARES AUTOMATIZADO;1
906441;ANTICUERPOS ANTINUCLEARES MANUAL;1
906442;ANTICUERPOS ANTINUCLEARES SEMIAUTOMATIZADO;1
906443;PLAQUETARIOS ANTICUERPOS SEMIAUTOMATIZADO;1
906444;PLAQUETARIOS ANTICUERPOS AUTOMATIZADO;1
906445;PLAQUETAS ANTICUERPOS CIRCULANTES Ig G Ig M e Ig A SEMIAUTOMATIZADO O AUTOMATIZADO;1
906446;PLAQUETAS ANTIGENOS ASOCIADOS A ANTICUERPOS Ig G Ig M e Ig A SEMIAUTOMATIZADO O AUTOMATIZADO;1
906447;PM/SCL ANTICUERPOS SEMIAUTOMATIZADO O AUTOMATIZADO;1
906448;PM1 ANTICUERPOS ASOCIADOS A POLIMIOSITIS AUTOMATIZADO;1
906449;PM2 ANTICUERPOS AUTOMATIZADO;1
906450;PROTEINA RIBOSOMAL P ANTICUERPOS SEMIAUTOMATIZADO O AUTOMATIZADO;1
906451;QUERATINA ANTICUERPOS;1
906452;RECEPTORES BETA-2 ADRENERGICOS ANTICUERPOS SEMIAUTOMATIZADO O AUTOMATIZADO;1
906453;RNP ANTICUERPOS SEMIAUTOMATIZADO O AUTOMATIZADO;1
906455;SCL-70 ANTICUERPOS SEMIAUTOMATIZADO O AUTOMATIZADO;1
906456;Sm ANTICUERPOS SEMIAUTOMATIZADO O AUTOMATIZADO;1
906457;TIROIDEOS COLOIDALES ANTICUERPOS;1
906458;TIROIDEOS MICROSOMALES ANTICUERPOS (TIROIDEOS PEROXIDASA ANTICUERPOS) AUTOMATIZADO;1
906459;TIROIDEOS MICROSOMALES ANTICUERPOS (TIROIDEOS PEROXIDASA ANTICUERPOS) MANUAL;1
906460;TIROIDEOS MICROSOMALES ANTICUERPOS (TIROIDEOS PEROXIDASA ANTICUERPOS) SEMIAUTOMATIZADO;1
906462;TIROIDEOS PEROXIDASA ANTICUERPOS;1
906463;TIROIDEOS TIROGLOBULINICOS ANTICUERPOS AUTOMATIZADO;1
906464;TIROIDEOS TIROGLOBULINICOS ANTICUERPOS MANUAL;1
906465;TIROIDEOS TIROGLOBULINICOS ANTICUERPOS SEMIAUTOMATIZADO;1
906466;CITRULINA ANTICUERPOS [ANTI PEPTIDO CICLICO CITRULINADO] SEMIAUTOMATIZADO O AUTOMATIZADO;1
906467;HORMONA PARATIROIDEA ANTICUERPOS SEMIAUTOMATIZADO O AUTOMATIZADO;1
906468;ACETILCOLINA RECEPTORES ANTICUERPOS FIJADORES SEMIAUTOMATIZADO O AUTOMATIZADO;1
906469;ACETILCOLINA RECEPTORES ANTICUERPOS MODULADORES SEMIAUTOMATIZADO O AUTOMATIZADO;1
906470;ANTICUERPOS ACUAPORINA 4 SEMIAUTOMATIZADO O AUTOMATIZADO;1
906471;ENDOMISIO ANTICUERPOS Ig A SEMIAUTOMATIZADO O AUTOMATIZADO;1
906472;ENDOMISIO ANTICUERPOS Ig G SEMIAUTOMATIZADO O AUTOMATIZADO;1
906474;GLIADINA ANTICUERPOS Ig A SEMIAUTOMATIZADO O AUTOMATIZADO;1
906476;GLIADINA ANTICUERPOS Ig M SEMIAUTOMATIZADO O AUTOMATIZADO;1
906477;TRANSGLUTAMINASA ANTICUERPOS Ig A SEMIAUTOMATIZADO O AUTOMATIZADO;1
906478;TRANSGLUTAMINASA ANTICUERPOS Ig G SEMIAUTOMATIZADO O AUTOMATIZADO;1
906479;TRANSGLUTAMINASA ANTICUERPOS SEMIAUTOMATIZADO O AUTOMATIZADO;1
906480;BETA 2 GLICOPROTEINA I Ig A SEMIAUTOMATIZADO O AUTOMATIZADO;1
906481;BETA 2 GLICOPROTEINA I Ig G SEMIAUTOMATIZADO O AUTOMATIZADO;1
906482;BETA 2 GLICOPROTEINA I Ig M SEMIAUTOMATIZADO O AUTOMATIZADO;1
906485;MIELOPEROXIDASA ANTICUERPOS SEMIAUTOMATIZADO O AUTOMATIZADO;1
906486;PROTEINASA 3 ANTICUERPOS SEMIAUTOMATIZADO O AUTOMATIZADO;1
906488;GANGLIOSIDOS ANTICUERPOS Ig G SEMIAUTOMATIZADO O AUTOMATIZADO  ;1
906489;GANGLIOSIDOS ANTICUERPOS Ig M SEMIAUTOMATIZADO O AUTOMATIZADO  ;1
906490;ANTIGENO SOLUBLE DE HIGADO ANTICUERPOS SEMIAUTOMATIZADO O AUTOMATIZADO  ;1
906491;TIROSINASA MUSCULO ESPECIFICA [MUSK] ANTICUERPOS SEMIAUTOMATIZADO O AUTOMATIZADO  ;1
906501;HISTOCOMPATIBILIDAD ANTIGENO A B C CLASE I;1
906502;HISTOCOMPATIBILIDAD ANTIGENO A B C DR DQ  CLASE I Y II;1
906503;HISTOCOMPATIBILIDAD ANTIGENO B CLASE I CADA UNO;1
906504;HISTOCOMPATIBILIDAD ANTIGENO DR SEMIAUTOMATIZADO;1
906506;HISTOCOMPATIBILIDAD ANTIGENO DR DQ CLASE II SEMIAUTOMATIZADO O AUTOMATIZADO;1
906509;HLA CITOTOXICOS ANTICUERPOS SEMIAUTOMATIZADO;1
906512;ANTIGENO LEUCOCITARIO HUMANO A SEMIAUTOMATIZADO O AUTOMATIZADO;1
906513;ANTIGENO LEUCOCITARIO HUMANO DR ALTA RESOLUCION AUTOMATIZADO;1
906514;ANTIGENO LEUCOCITARIO HUMANO DQ SEMIAUTOMATIZADO O AUTOMATIZADO;1
906601;ACIDO SIALICO SEMIAUTOMATIZADO O AUTOMATIZADO;1
906602;ALFA FETOPROTEINA SEMIAUTOMATIZADO O AUTOMATIZADO;1
906603;ANTIGENO CARCINOEMBRIONARIO SEMIAUTOMATIZADO O AUTOMATIZADO;1
906604;ANTIGENO DE CANCER DE MAMA [CA 15-3] SEMIAUTOMATIZADO O AUTOMATIZADO;1
906605;ANTIGENO DE CANCER DE OVARIO [CA 125] SEMIAUTOMATIZADO O AUTOMATIZADO;1
906606;ANTIGENO DE CANCER DE TUBO DIGESTIVO [CA 19-9] SEMIAUTOMATIZADO O AUTOMATIZADO;1
906611;ANTIGENO ESPECIFICO DE PROSTATA FRACCION LIBRE SEMIAUTOMATIZADO O AUTOMATIZADO;1
906612;ANTIGENO ESPECIFICO DE PROSTATA VELOCIDAD DE CAMBIO 2 MUESTRAS SEMIAUTOMATIZADO O AUTOMATIZADO;1
906613;ANTIGENO POLIPEPTIDO DE TEJIDO O ANTIGENO DE PROLIFERACION CELULAR AUTOMATIZADO;1
906614;ANTIGENO POLIPEPTIDO DE TEJIDO O ANTIGENO DE PROLIFERACION CELULAR SEMIAUTOMATIZADO;1
906618;ANTIGENO TUMORAL DE VEJIGA SEMIAUTOMATIZADO O AUTOMATIZADO;1
906620;BETA 2 MICROGLOBULINA SEMIAUTOMATIZADO O AUTOMATIZADO;1
906621;CALCITONINA SEMIAUTOMATIZADO O AUTOMATIZADO;1
906622;ENOLASA NEURONAL ESPECIFICA SEMIAUTOMATIZADO O AUTOMATIZADO;1
906623;FACTOR ALFA DE NECROSIS TUMORAL SEMIAUTOMATIZADO O AUTOMATIZADO;1
906624;GASTRINA SEMIAUTOMATIZADO O AUTOMATIZADO;1
906625;GONADOTROPINA CORIONICA SUBUNIDAD BETA SEMIAUTOMATIZADO O AUTOMATIZADO;1
906741;LINFOCITOS CD79a POR INMUNOHISTOQUIMICA;1
906626;GONADOTROPINA CORIONICA SUBUNIDAD BETA FRACCION LIBRE SEMIAUTOMATIZADO O AUTOMATIZADO;1
906627;CROMOGRANINA A SEMIAUTOMATIZADO O AUTOMATIZADO;1
906701;CULTIVO MIXTO DE LINFOCITOS;1
906702;LEUCOCITOS CD14 MONOCITOS GRANULOCITOS SEMIAUTOMATIZADO O AUTOMATIZADO;1
906703;LEUCOCITOS CD14 MONOCITOS GRANULOCITOS POR INMUNOHISTOQUIMICA;1
906704;LEUCOCITOS CD33 MONOCITOS GRANULOCITOS SEMIAUTOMATIZADO O AUTOMATIZADO;1
906750;PLAQUETAS CD41 SEMIAUTOMATIZADO O AUTOMATIZADO;1
906705;LEUCOCITOS CD33 MONOCITOS GRANULOCITOS POR INMUNOHISTOQUIMICA;1
906706;LEUCOCITOS CD34 CELULAS PROGENITORAS SEMIAUTOMATIZADO O AUTOMATIZADO;1
906707;LEUCOCITOS CD34 CELULAS PROGENITORAS POR INMUNOHISTOQUIMICA;1
906708;LEUCOCITOS CD45 LEUCOCITOS TOTALES SEMIAUTOMATIZADO O AUTOMATIZADO;1
906709;LEUCOCITOS CD45 LEUCOCITOS TOTALES POR INMUNOHISTOQUIMICA;1
906710;LEUCOCITOS MPO SEMIAUTOMATIZADO O AUTOMATIZADO;1
906711;LINFOCITOS B (CD19 Y CD20) SEMIAUTOMATIZADO O AUTOMATIZADO;1
906712;LINFOCITOS T CD3 SEMIAUTOMATIZADO O AUTOMATIZADO;1
906713;LINFOCITOS T CD3 POR INMUNOFLUORESCENCIA;1
906714;LINFOCITOS T CD4 SEMIAUTOMATIZADO O AUTOMATIZADO;1
906715;LINFOCITOS T CD4 POR INMUNOFLUORESCENCIA;1
906716;LINFOCITOS CD5 SEMIAUTOMATIZADO O AUTOMATIZADO;1
906717;LINFOCITOS CD5 POR INMUNOFLUORESCENCIA;1
906718;LINFOCITOS CD7 LINFOCITOS T Y NK SEMIAUTOMATIZADO O AUTOMATIZADO;1
906719;LINFOCITOS CD7 LINFOCITOS T Y NK POR INMUNOHISTOQUIMICA;1
906720;LINFOCITOS T CD8 SEMIAUTOMATIZADO O AUTOMATIZADO;1
906721;LINFOCITOS T CD8 POR INMUNOFLUORESCENCIA;1
906722;LINFOCITOS CD10 LINFOCITOS PRE-B [CALLA] SEMIAUTOMATIZADO O AUTOMATIZADO;1
906723;LINFOCITOS CD10 LINFOCITOS PRE-B [CALLA] POR INMUNOHISTOQUIMICA;1
906724;LINFOCITOS CD11 SEMIAUTOMATIZADO O AUTOMATIZADO;1
906725;LINFOCITOS CD11 POR INMUNOHISTOQUIMICA;1
906726;LINFOCITOS CD13 SEMIAUTOMATIZADO O AUTOMATIZADO;1
906727;LINFOCITOS CD13 POR INMUNOHISTOQUIMICA;1
906728;LINFOCITOS CD15 SEMIAUTOMATIZADO O AUTOMATIZADO;1
906729;LINFOCITOS CD15 POR INMUNOHISTOQUIMICA;1
906730;LINFOCITOS CD16 LINFOCITOS NK SEMIAUTOMATIZADO O AUTOMATIZADO;1
906731;LINFOCITOS CD16 LINFOCITOS NK POR INMUNOHISTOQUIMICA;1
906732;LINFOCITOS CD22 SEMIAUTOMATIZADO O AUTOMATIZADO;1
906733;LINFOCITOS CD22 POR INMUNOHISTOQUIMICA;1
906734;LINFOCITOS CD23 SEMIAUTOMATIZADO O AUTOMATIZADO;1
906735;LINFOCITOS CD23 POR INMUNOHISTOQUIMICA;1
906736;LINFOCITOS CD38 LINFOCITOS T ACTIVADOS Y B LINFOCITOS NK SEMIAUTOMATIZADO O AUTOMATIZADO;1
906737;LINFOCITOS CD38 LINFOCITOS T ACTIVADOS Y B, LINFOCITOS NK POR INMUNOHISTOQUIMICA;1
906738;LINFOCITOS CD56 LINFOCITOS NK SEMIAUTOMATIZADO O AUTOMATIZADO;1
906739;LINFOCITOS CD56 LINFOCITOS NK POR INMUNOHISTOQUIMICA;1
906740;LINFOCITOS CD79a SEMIAUTOMATIZADO O AUTOMATIZADO;1
908414;PRUEBA DE CROMATINA;1
906742;LINFOCITOS CD79b SEMIAUTOMATIZADO O AUTOMATIZADO;1
906743;LINFOCITOS CD79b POR INMUNOHISTOQUIMICA;1
906744;LINFOCITOS T CUANTIFICACION CD3 CD4 CD8 SEMIAUTOMATIZADO O AUTOMATIZADO;1
906745;LINFOCITOS T INMADUROS CD1 POR INMUNOHISTOQUIMICA;1
906746;MONOCITOS CD45 SEMIAUTOMATIZADO O AUTOMATIZADO;1
906748;MONOCITOS CD64 SEMIAUTOMATIZADO O AUTOMATIZADO;1
906749;MONOCITOS CD64 POR INMUNOHISTOQUIMICA;1
906751;PLAQUETAS CD41 POR INMUNOHISTOQUIMICA;1
906752;PLAQUETAS CD61 SEMIAUTOMATIZADO O AUTOMATIZADO;1
906753;PLAQUETAS CD61 POR INMUNOHISTOQUIMICA;1
906754;LINFOCITOS B DE MEMORIA SUBPOBLACIONES IgD CD27 CD19 SEMIAUTOMATIZADO O AUTOMATIZADO;1
906755;EXPRESION DE PERFORINAS EN CELULAS NK SEMIAUTOMATIZADO O AUTOMATIZADO;1
906756;PLASMOBLASTOS CD38: CD19 IgD CD38 SEMIAUTOMATIZADO O AUTOMATIZADO;1
906757;LINFOCITOS ALFA BETA (CD4 CD8): TC Rab CD4 CD8 SEMIAUTOMATIZADO O AUTOMATIZADO;1
906758;LINFOCITOS B TOTALES MAS EXPRESION DEL RECEPTOR DEL COMPLEMENTO CR2: CD45 CD19 CD21 SEMIAUTOMATIZADO O AUTOMATIZADO;1
906759;LINFOCITOS B TRANSICIONALES: CD24 CD19 CD38 SEMIAUTOMATIZADO O AUTOMATIZADO;1
906760;LINFOCITOS NK: EXPRESION DE CD107a SEMIAUTOMATIZADO O AUTOMATIZADO;1
906761;LINFOCITOS NK: ENSAYO DE CITOTOXICIDAD SEMIAUTOMATIZADO O AUTOMATIZADO;1
906762;LINFOCITOS T (CD3 CD4 CD8 DOBLEMENTE NEGATIVOS) SEMIAUTOMATIZADO O AUTOMATIZADO;1
906845;TOXOIDE DIFTERICO ANTICUERPOS Ig G;1
906763;LINFOCITOS T (CD3 CD4 CD8 RELACION CD4/CD8) Y LINFOCITOS B (CD19 CD20) RECUENTO SEMIAUTOMATIZADO O AUTOMATIZADO;1
906764;LINFOCITOS T SUBPOBLACIONES PRINCIPALES: CD45 CD3 CD4 CD8 SEMIAUTOMATIZADO O AUTOMATIZADO;1
906765;MARCADOR TCR ALFA BETA (TCRab) SEMIAUTOMATIZADO O AUTOMATIZADO;1
906766;MONOCITOS CD14;1
906768;SUBPOBLACIONES DE LINFOCITOS T B NK Y MONOCITOS EN LEUCOCITOS CD45 SEMIAUTOMATIZADO O AUTOMATIZADO;1
906769;SUBPOBLACIONES EXTENDIDAS DE LINFOCITOS B (VIRGENES Y DE MEMORIA CON O SIN CAMBIO DE ISOTIPO PLASMOBLASTOS Y TRANSICIONALES) SEMIAUTOMATIZADO O AUTOMATIZADO;1
906770;SUBPOBLACIONES EXTENDIDAS DE LINFOCITOS T (AYUDADORES Y CITOTOXICOS VIRGENES Y DE MEMORIA CENTRAL Y EFECTORA) SEMIAUTOMATIZADO O AUTOMATIZADO;1
906771;EXPRESION DE CD40 EN LINFOCITOS B;1
906772;EXPRESION DE CD40L EN LINFOCITOS T;1
906774;EXPRESION DE IFNGR1 E IL12RB1 EN LINFOCITOS;1
906775;EXPRESION INTRACELULAR DE SAP EN LINFOCITOS;1
906776;LINFOPROLIFERACION A ANTI-CD3+ ANTI-CD28;1
906801;BETA 2 GLICOPROTEINA I SEMIAUTOMATIZADO O AUTOMATIZADO;1
906802;CAMPO OSCURO PARA CUALQUIER MUESTRA;1
906803;CELULAS ROJAS GLICOFORINA SEMIAUTOMATIZADO O AUTOMATIZADO;1
906805;COMPLEJOS INMUNES CIRCULANTES SEMIAUTOMATIZADO O AUTOMATIZADO;1
906806;COMPLEMENTO C1Q SEMIAUTOMATIZADO O AUTOMATIZADO;1
906807;ELECTROFORESIS DE AMINOACIDOS EN ORINA;1
906808;ELECTROFORESIS DE HEMOGLOBINA SEMIAUTOMATIZADO;1
906809;ELECTROFORESIS DE HEMOGLOBINA AUTOMATIZADO;1
906810;ELECTROFORESIS DE LIPOPROTEINAS SEMIAUTOMATIZADO Y AUTOMATIZADO;1
906811;ELECTROFORESIS DE PROTEINAS DE LIQUIDO CEFALORRAQUIDEO [DETECCION DE BANDAS OLIGOCLONALES] SEMIAUTOMATIZADO Y AUTOMATIZADO;1
906812;ELECTROFORESIS DE PROTEINAS SEMIAUTOMATIZADO Y AUTOMATIZADO;1
906813;FACTOR INTRINSECO ANTICUERPOS SEMIAUTOMATIZADO Y AUTOMATIZADO;1
906814;FAGOCITOSIS ESTUDIO;1
906818;Hepatitis C PRUEBA CONFIRMATORIA SEMIAUTOMATIZADO O AUTOMATIZADO;1
906822;HISTAMINA SEMIAUTOMATIZADO O AUTOMATIZADO;1
906823;INHIBIDOR C1 ESTERASA CONCENTRACION O FUNCIONAL SEMIAUTOMATIZADO O AUTOMATIZADO;1
906824;INMUNOFIJACION SEMIAUTOMATIZADO;1
906825;INMUNOFIJACION AUTOMATIZADA;1
906826;INMUNOGLOBULINA A [Ig A] SEMIAUTOMATIZADO;1
906827;INMUNOGLOBULINA A [Ig A] AUTOMATIZADO;1
906828;INMUNOGLOBULINA G [Ig G] SEMIAUTOMATIZADO;1
906829;INMUNOGLOBULINA G [Ig G] AUTOMATIZADO;1
906830;INMUNOGLOBULINA G [Ig G] SUBCLASES 1 2 3 4 SEMIAUTOMATIZADO O AUTOMATIZADO;1
906831;INMUNOGLOBULINA M [Ig M] SEMIAUTOMATIZADO O AUTOMATIZADO;1
906832;INMUNOGLOBULINA M [Ig M] AUTOMATIZADO;1
906833;INMUNOGLOBULINA D [Ig D] SEMIAUTOMATIZADO O AUTOMATIZADO;1
908303;GANGLIOSIDOS CUALITATIVOS;1
906834;INMUNOGLOBULINA E [Ig E] ESPECIFICA (DOSIFICACION CADA ALERGENO) SEMIAUTOMATIZADO O AUTOMATIZADO;1
906835;INMUNOGLOBULINA E [Ig E] SEMIAUTOMATIZADO;1
906836;INMUNOGLOBULINA E [Ig E] AUTOMATIZADO;1
906837;INMUNOGLOBULINAS CADENAS LIVIANAS KAPPA Y LAMBDA SEMIAUTOMATIZADO O AUTOMATIZADO;1
906838;PLAQUETAS FACTOR 4 SEMIAUTOMATIZADO O AUTOMATIZADO;1
906839;RECEPTORES DE INTERLEUQUINA 2 CD25 POR INMUNOHISTOQUIMICA;1
906841;PROCALCITONINA SEMIAUTOMATIZADO O AUTOMATIZADO;1
906842;INMUNOGLOBULINAS CADENAS LIVIANAS LIBRES KAPPA SEMIAUTOMATIZADO O AUTOMATIZADO;1
906843;INMUNOGLOBULINAS CADENAS LIVIANAS LIBRES LAMBDA SEMIAUTOMATIZADO O AUTOMATIZADO;1
906844;DETERMINACION DE LA EXPLOSION RESPIRATORIA DE LOS GRANULOCITOS;1
906846;TOXOIDE TETANICO ANTICUERPOS Ig G;1
906848;INTERFERON GAMMA [GAMMAINTERFERON];1
906850;PRESEPSINA SEMIAUTOMATIZADO O AUTOMATIZADO;1
906851;CALPROTECTINA SEMIAUTOMATIZADO O AUTOMATIZADO;1
906901;AGLUTININAS AL FRIO;1
906902;AGLUTININAS AL CALOR;1
906903;ANTICUERPOS HETEROFILOS MANUAL SEMIAUTOMATIZADO O AUTOMATIZADO;1
906904;COMPLEMENTO HEMOLITICO AL 50% [CH 50] MANUAL O SEMIAUTOMATIZADO;1
906905;COMPLEMENTO SERICO C3 SEMIAUTOMATIZADO;1
906906;COMPLEMENTO SERICO C3 AUTOMATIZADO;1
906907;COMPLEMENTO SERICO C4 SEMIAUTOMATIZADO;1
906908;COMPLEMENTO SERICO C4 AUTOMATIZADO;1
906912;PREALBUMINA SEMIAUTOMATIZADO O AUTOMATIZADO;1
906914;PROTEINA C REACTIVA MANUAL O SEMIAUTOMATIZADO;1
906915;PRUEBA NO TREPONEMICA MANUAL;1
907001;AZUCARES REDUCTORES EN HECES;1
907003;COPROLOGICO POR CONCENTRACION;1
907005;FROTIS RECTAL (IDENTIFICACION DE TROFOZOITOS);1
907006;GRASAS NEUTRAS EN HECES [SUDAN III];1
907007;OXIUROS IDENTIFICACION PERIANAL [CINTA ADHESIVA O PRUEBA DE GRAHAM];1
907009;SANGRE OCULTA EN MATERIA FECAL (DETERMINACION DE HEMOGLOBINA HUMANA ESPECIFICA);1
907010;UROBILINOGENO EN MATERIA FECAL CUALITATIVO;1
907011;UROBILINOGENO EN MATERIA FECAL CUANTITATIVO;1
907012;SANGRE OCULTA EN MATERIA FECAL [GUAYACO O EQUIVALENTE] SERIADO TRES MUESTRAS;1
907013;COPROLOGICO SERIADO TRES MUESTRAS;1
907014;COPROSCOPICO SERIADO TRES MUESTRAS;1
907015;ESTEATOCRITO ACIDO;1
907101;AZUCARES REDUCTORES EN ORINA;1
907102;HEMOGLOBINURIA;1
907103;PROTEINAS DE BENCE JONES MANUAL;1
907104;RECUENTO DE ADDIS;1
907105;RECUENTO HAMBURGUER;1
907107;UROBILINOGENO EN ORINA PARCIAL;1
907108;GLOBULOS ROJOS MORFOLOGIA EN ORINA;1
907202;MOCO CERVICAL ANALISIS;1
907203;LIQUIDO PROSTATICO (EXAMEN MICROSCOPICO);1
907204;PARASITOS EN BILIS JUGO DUODENAL EXPECTORACIONES U OTRAS SECRECIONES;1
907205;FRAGILIDAD OSMOTICA ESPERMATICA;1
908301;ASPARTILCILASA ACTIVIDAD;1
908302;GALACTOSA CURVA DE TOLERANCIA;1
908306;PIRUVATO DESHIDROGENASA ACTIVIDAD;1
908308;ACIDO OROTICO;1
908309;AMINOACIDOS CUALITATIVOS;1
908310;AMINOACIDOS POR CLORURO FERRICO;1
908311;AMINOACIDOS POR DINITROFENILHIDRACINA;1
908312;AMINOACIDOS POR NITROPRUSIATO;1
908313;AMINOACIDOS POR NITROSONAFTOL;1
908315;FENILALANINA CURVA DE TOLERANCIA;1
908316;FENILALANINA CUANTITATIVA;1
908317;TIROSINA TEST CON RAIZ DE CABELLO;1
908318;CARBOHIDRATOS CUALITATIVOS;1
908319;FOSFORILASA ACTIVIDAD;1
908320;GALACTOSA URIDIL TRANSFERASA ACTIVIDAD;1
908321;GLUCOSA 6 FOSFATASA ACTIVIDAD;1
908322;GLUCOSA 6 FOSFATASA TRANSPORTADOR ACTIVIDAD;1
908323;GLUCOGENO CURVA DE ESTIMULACION CON GLUCAGON (DETERMINACION DE GLUCOSA Y ACIDO LACTICO);1
908324;ARILSULFATASA B ACTIVIDAD;1
908325;ALFA L IDURONIDASA ACTIVIDAD;1
908326;BETA GALACTOCIDASA ACTIVIDAD;1
908327;GALACTOSA 6 SULFATO SULFATASA ACTIVIDAD;1
908328;GLICOSAMINOGLICANOS [MUCOPOLISACARIDOS] CUALITATIVOS;1
908329;ACIDOS GRASOS DE CADENA MUY LARGA CUANTITATIVO;1
908330;ARILSULFATASA A ACTIVIDAD;1
908336;ALFA N ACETIL NEURAMINIDASA ACTIVIDAD;1
908337;RELACION LACTATO/PIRUVATO;1
908338;AMINOACIDOS CUANTITATIVOS;1
908339;GALACTOKINASA ACTIVIDAD;1
908340;CARBOHIDRATOS CUANTITATIVOS;1
908341;ACIDO SIALICO CUANTITATIVO;1
908342;GLICOSAMINOGLICANOS [MUCOPOLISACARIDOS] CUANTITATIVOS;1
908343;ACIDOS ORGANICOS DE CADENA CORTA Y MEDIA CUALITATIVO O CUANTITATIVO;1
908344;IDURONATO 2 SULFATO SULFATASA ACTIVIDAD;1
908345;GALACTOSILCEREBROSIDASA ACTIVIDAD;1
908346;BETA GLUCOCEREBROSIDASA ACTIVIDAD;1
908347;ACIDO LACTICO CURVA POST GLUCOSA;1
908348;ACIDO LACTICO CURVA POST EJERCICIO ISQUEMICO;1
908349;OTRAS ENZIMAS ACTIVIDAD;1
908350;OTROS METABOLITOS DETERMINACION;1
908402;BCL-2 TRANSLOCACION (14,18);1
908403;BCR/ABL TRANSLOCACION DE GENES CUALITATIVO;1
908404;CARIOTIPO CON BANDEO G;1
908405;CARIOTIPO CON BANDEO Q;1
908406;CARIOTIPO CON BANDEO C;1
908407;CARIOTIPO CON BANDEO RT;1
908408;CARIOTIPO DE INTERCAMBIO DE CROMATIDES HERMANAS [SCE];1
908409;CARIOTIPO PARA CROMOSOMA X FRAGIL;1
908410;CARIOTIPO PARA CROMOSOMA FILADELFIA;1
908411;CARIOTIPO PARA ESTADOS LEUCEMICOS;1
908412;ESTUDIO MOLECULAR DE ENFERMEDADES;1
908413;ERBB2 [HER-2/neu] (ONCOGEN) HIBRIDACION IN SITU CON FLUORESCENCIA [FISH];1
908415;REORGANIZACION DE GENE BCR/ABL;1
908416;ESTUDIO DE PENETRACION DE ESPERMATOZOIDES EN OOCITOS DESNUDOS DE HAMSTER;1
908417;BCR/ABL TRANSLOCACION DE GENES CUANTITATIVO;1
908418;ESTUDIOS GENETICOS DE CROMOSOMAS (ESPECIFICOS);1
908419;ESTUDIOS GENETICOS DE ADN MITOCONDRIAL (ESPECIFICO);1
908420;ESTUDIOS MOLECULARES DE GENES (ESPECIFICOS);1
908421;ESTUDIO MOLECULAR DE REARREGLOS (ESPECIFICOS);1
908422;ESTUDIO MOLECULAR DE EXONES (ESPECIFICOS);1
908423;ESTUDIO MOLECULAR DE DELECIONES Y DUPLICACIONES (ESPECIFICAS);1
908424;ESTUDIO MOLECULAR DE MUTACIONES (ESPECIFICAS);1
908425;ESTUDIOS GENETICOS DE LOS CROMOSOMAS 14 23 Y 1;1
908426;METILENTETRAHIDROFOLATO REDUCTASA [MTHFR] MUTACION;1
908427;F2 (FACTOR II O PROTROMBINA) MUTACION G20210A;1
908428;HFE (HEMOCROMATOSIS);1
908429;CARIOTIPO PARA ANEMIA DE FANCONI;1
908430;ABL MUTACION DE LA REGION TIROSINA KINASA;1
908431;CARIOTIPO EN RESTOS OVULARES O MATERIAL DE ABORTO;1
908432;BRCA1 Y BRCA2 PERFIL COLOMBIA;1
908433;BRCA1 Y BRCA2 SECUENCIACION COMPLETA;1
908434;BRCA1 Y BRCA2 MUTACION FAMILIAR CONOCIDA;1
908435;PCA3 PARA CANCER DE PROSTATA;1
908436;DETECCION Virus del Papiloma Humano PRUEBAS DE ADN;1
908437;PRF1 SECUENCIACION DE EXONES 2 Y 3;1
908439;CARIOTIPO CON FRAGILIDAD CROMOSOMICA;1
908601;ENZIMAS RELACIONADAS CON ENFERMEDADES DE LA SUSTANCIA BLANCA, MEDICION DE CADA UNA;1
908602;ENZIMAS RELACIONADAS CON ENFERMEDADES DE LA SUSTANCIA GRIS, MEDICION DE CADA UNA;1
908603;ENZIMAS GLICOLITICAS, MEDICION DE CADA UNA;1
908604;ENZIMAS LISOSOMALES, MEDICION DE CADA UNA;1
908605;ENZIMAS DEL METABOLISMO DEL GLICOGENO, MEDICION DE CADA UNA;1
908606;HIPOXANTINA GUANINA FOSFORIBOSIL TRANSFERASA ACTIVIDAD;1
908608;GLUCOGENO ESTRUCTURA Y CUANTIFICACION;1
908609;ACILCARNITINAS CUANTITATIVAS;1
908610;CARNITINA TOTAL Y LIBRE CUANTITATIVA;1
908801;Virus de Inmunodeficiencia Humana DETECCION DEL PROVIRUS REACCION EN CADENA DE LA POLIMERASA;1
908802;Virus de Inmunodeficiencia Humana GENOTIPO;1
908803;Hepatitis B GENOTIPO;1
908804;Citomegalovirus GENOTIPO;1
908805;Citomegalovirus CARGA VIRAL;1
908806;Hepatitis B CARGA VIRAL;1
908807;Hepatitis C CARGA VIRAL;1
908809;BK POLIOMAVIRUS CARGA VIRAL;1
908810;JC POLIOMAVIRUS CARGA VIRAL;1
908811;Epstein-Barr CARGA VIRAL;1
908812;Adenovirus CARGA VIRAL;1
908813;Parvovirus CARGA VIRAL;1
908814;Citomegalovirus IDENTIFICACION REACCION EN CADENA DE LA POLIMERASA;1
908815;Coxsackie A IDENTIFICACION REACCION EN CADENA DE LA POLIMERASA;1
908816;Coxsackie B IDENTIFICACION REACCION EN CADENA DE LA POLIMERASA;1
908817;Virus de Inmunodeficiencia Humana 1 IDENTIFICACION REACCION EN CADENA DE LA POLIMERASA;1
908818;Hepatitis B IDENTIFICACION REACCION EN CADENA DE LA POLIMERASA;1
908819;Toxocara spp IDENTIFICACION REACCION EN CADENA DE LA POLIMERASA;1
908820;Toxoplasma gondii IDENTIFICACION REACCION EN CADENA DE LA POLIMERASA;1
908821;Varicela zoster IDENTIFICACION REACCION EN CADENA DE LA POLIMERASA;1
908822;Epstein Barr IDENTIFICACION REACCION EN CADENA DE LA POLIMERASA;1
908823;Hepatitis C IDENTIFICACION REACCION EN CADENA DE LA POLIMERASA;1
908824;Herpes simplex I y II IDENTIFICACION REACCION EN CADENA DE LA POLIMERASA;1
908825;Mycobacterium tuberculosis IDENTIFICACION REACCION EN CADENA DE LA POLIMERASA;1
908826;Mycobacterium no tuberculoso IDENTIFICACION REACCION EN CADENA DE LA POLIMERASA;1
908827;Mycobacterium leprae IDENTIFICACION REACCION EN CADENA DE LA POLIMERASA;1
908828;Leishmania IDENTIFICACION REACCION EN CADENA DE LA POLIMERASA;1
908832;Virus de Inmunodeficiencia Humana CARGA VIRAL;1
908833;Hepatitis C GENOTIPO;1
908834;Clostridium difficile IDENTIFICACION REACCION EN CADENA DE LA POLIMERASA;1
908835;Streptococcus pneumoniae IDENTIFICACION REACCION EN CADENA DE LA POLIMERASA;1
908836;Bordetella pertussis IDENTIFICACION REACCION EN CADENA DE LA POLIMERASA;1
908837;Bordetella parapertussis IDENTIFICACION REACCION EN CADENA DE LA POLIMERASA;1
908839;Haemophilus influenzae IDENTIFICACION REACCION EN CADENA DE LA POLIMERASA;1
908840;Neisseria meningitidis IDENTIFICACION REACCION EN CADENA DE LA POLIMERASA;1
908841;Hepatitis E IDENTIFICACION REACCION EN CADENA DE LA POLIMERASA;1
908843;SarampiOn IDENTIFICACION REACCION EN CADENA DE LA POLIMERASA;1
908846;Mycobacterium tuberculosis PRUEBAS DE SENSIBILIDAD POR REACCION EN CADENA DE LA POLIMERASA;1
901101;BACILOSCOPIA COLORACION ACIDO ALCOHOL-RESISTENTE [ZIEHL-NEELSEN];1
901107;COLORACION GRAM Y LECTURA PARA CUALQUIER MUESTRA;1
901209;CULTIVO DE LIQUIDOS CORPORALES (BILIS L.C.R PERITONEAL PLEURAL ASCITICO SINOVIAL OTROS DIFERENTE A ORINA);1
901217;CULTIVO PARA MICROORGANISMOS EN CUALQUIER MUESTRA DIFERENTE A MEDULA OSEA ORINA Y HECES;1
901221;HEMOCULTIVO AEROBIO AUTOMATIZADO CADA MUESTRA;1
901223;HEMOCULTIVO ANAEROBIO AUTOMATIZADO CADA MUESTRA;1
901230;Mycobacterium tuberculosis CULTIVO;1
901236;UROCULTIVO (ANTIBIOGRAMA CONCENTRACION MINIMA INHIBITORIA AUTOMATIZADO);1
901305;EXAMEN DIRECTO PARA HONGOS (KOH);1
902024;FIBRINOGENO;1
902045;TIEMPO DE PROTROMBINA [TP];1
902049;TIEMPO DE TROMBOPLASTINA PARCIAL [TTP];1
902104;DIMERO D AUTOMATIZADO;1
902206;EXTENDIDO DE SANGRE PERIFERICA ESTUDIO DE MORFOLOGIA;1
902210;HEMOGRAMA IV (HEMOGLOBINA HEMATOCRITO RECUENTO DE ERITROCITOS INDICES ERITROCITARIOS LEUCOGRAMA RECUENTO DE PLAQUETAS INDICES PLAQUETARIOS Y MORFOLOGIA ELECTRONICA E HISTOGRAMA) AUTOMATIZADO;1
902214;HEMOPARASITOS EXTENDIDO DE GOTA GRUESA;1
903030;MIOGLOBINA CARDIACA;1
903110;ACIDO LACTICO [L-LACTATO] SEMIAUTOMATIZADO;1
903303;ALMIDONES;1
903436;TROPONINA I CUALITATIVA;1
903801;ACIDO URICO EN SUERO U OTROS FLUIDOS;1
903803;ALBUMINA EN SUERO U OTROS FLUIDOS;1
903805;AMILASA EN SUERO U OTROS FLUIDOS;1
903809;BILIRRUBINAS TOTAL Y DIRECTA;1
903815;COLESTEROL DE ALTA DENSIDAD;1
903816;COLESTEROL DE BAJA DENSIDAD SEMIAUTOMATIZADO;1
903818;COLESTEROL TOTAL;1
903819;CREATIN QUINASA (FRACCION MB) SEMIAUTOMATIZADA;1
903821;CREATIN QUINASA TOTAL [CK-CPK];1
903828;DESHIDROGENASA LACTICA;1
903833;FOSFATASA ALCALINA;1
903835;FOSFORO EN SUERO U OTROS FLUIDOS;1
903841;GLUCOSA EN SUERO U OTRO FLUIDO DIFERENTE A ORINA;1
903842;GLUCOSA PRE Y POST CARGA DE GLUCOSA;1
903843;GLUCOSA PRE Y POST PRANDIAL;1
903854;MAGNESIO EN SUERO U OTROS FLUIDOS;1
903856;NITROGENO UREICO;1
903863;PROTEINAS TOTALES EN SUERO Y OTROS FLUIDOS;1
903866;TRANSAMINASA GLUTAMICO-PIRUVICA [ALANINO AMINO TRANSFERASA];1
903867;TRANSAMINASA GLUTAMICO OXALACETICA [ASPARTATO AMINO TRANSFERASA];1
903868;TRIGLICERIDOS;1
904508;GONADOTROPINA CORIONICA SUBUNIDAD BETA CUALITATIVA PRUEBA DE EMBARAZO EN ORINA O SUERO;1
904901;GLOBULINA TRANSPORTADORA DE TIROXINA;1
904902;HORMONA ESTIMULANTE DEL TIROIDES;1
904922;TIROXINA TOTAL;1
904924;TRIYODOTIRONINA LIBRE;1
904925;TRIYODOTIRONINA TOTAL;1
904701;GLUCAGON;1
906002;ANTIESTREPTOLISINA MANUAL;1
906131;Trypanosoma cruzi ANTICUERPOS Ig G SEMIAUTOMATIZADO O AUTOMATIZADO;1
906249;Virus de Inmunodeficiencia Humana 1 Y 2 ANTICUERPOS;1
906317;Hepatitis B ANTIGENO DE SUPERFICIE [Ag HBs];1
906610;ANTIGENO ESPECIFICO DE PROSTATA SEMIAUTOMATIZADO O AUTOMATIZADO;1
908438;EXTRACCION DE ACIDOS NUCLEICOS;1
906910;FACTOR REUMATOIDEO SEMIAUTOMATIZADO O AUTOMATIZADO;1
906911;FACTOR REUMATOIDEO MANUAL;1
906913;PROTEINA C REACTIVA ALTA PRECISION AUTOMATIZADO;1
907002;COPROLOGICO;1
907004;COPROSCOPICO;1
907008;SANGRE OCULTA EN MATERIA FECAL [GUAYACO O EQUIVALENTE];1
907106;UROANALISIS;1
903422;COPROPORFIRINAS EN ORINA DE 24 HORAS AUTOMATIZADA;1
906267;Hepatitis E ANTICUERPOS Ig M SEMIAUTOMATIZADO O AUTOMATIZADO;1
906266;Hepatitis E ANTICUERPOS Ig G SEMIAUTOMATIZADO O AUTOMATIZADO;1
906265;SarampiOn ANTICUERPOS MANUAL;1
906264;Rubeola ANTICUERPOS MANUAL;1
906263;Hepatitis C ANTICUERPOS MANUAL;1
906262;Hepatitis B ANTICUERPOS S [ANTI-HBs] MANUAL;1
906261;Citomegalovirus ANTICUERPOS Ig M MANUAL;1
906260;Citomegalovirus ANTICUERPOS Ig G MANUAL;1
906259;Parvovirus B19 ANTICUERPOS SEMIAUTOMATIZADO O AUTOMATIZADO;1
906258;Parotiditis ANTICUERPOS Ig M SEMIAUTOMATIZADO O AUTOMATIZADO;1
906257;Pneumocystis carinii ANTICUERPOS SEMIAUTOMATIZADO O AUTOMATIZADO;1
906256;Helicobacter pylori ANTIGENO;1
906255;Toxocara spp ANTICUERPOS Ig G SEMIAUTOMATIZADO O AUTOMATIZADO;1
906270;SARS CoV2 [COVID-19] ANTICUERPOS Ig G;1
903824;CREATININA EN ORINA DE 24 HORAS;1
903895;CREATININA EN SUERO U OTROS FLUIDOS;1
911015;HEMOCLASIFICACION SISTEMA Rh [ANTIGENO Rh D] POR MICROTECNICA;1
911020;HEMOCLASIFICACION SISTEMA ABO INVERSA [HEMOCLASIFICACION SERICA] EN TUBO;1
911019;HEMOCLASIFICACION SISTEMA ABO INVERSA [HEMOCLASIFICACION SERICA] POR MICROTECNICA;1
911018;HEMOCLASIFICACION SISTEMA ABO DIRECTA [HEMOCLASIFICACION GLOBULAR] EN TUBO;1
911017;HEMOCLASIFICACION SISTEMA ABO DIRECTA [HEMOCLASIFICACION GLOBULAR] POR MICROTECNICA;1
911016;HEMOCLASIFICACION SISTEMA Rh [ANTIGENO Rh D] EN TUBO;1
908858;IDENTIFICACION DE OTRO HONGO (ESPECIFICO) POR PRUEBAS MOLECULARES;1
908857;IDENTIFICACION DE OTRO PARASITO (ESPECIFICO) POR PRUEBAS MOLECULARES;1
906847;PROCALCITONINA MANUAL;1
903605;IONOGRAMA [CLORO SODIO POTASIO Y BICARBONATO O CALCIO];1
906916;SEROLOG™A [PRUEBA NO TREPOMENICA] VDRL EN SUERO O LCR & * +;1
